Workbook
Name Slicer_Month: #N/A
Name Slicer_Product: #N/A

Sheet FY Summary 2026-27
A1: SUMMARY — JANUARY 2026 TO JUNE 2026
A2: Month | B2: Opening Stock | C2: Total Production | D2: Total Sales | E2: Closing Stock
A3: January 2026 | B3: =IFERROR('Jan 2026'!D379,"") -> 4010 | C3: =IFERROR('Jan 2026'!E379,"") -> 30914 | D3: =IFERROR('Jan 2026'!F379,"") -> 23350 | E3: =IFERROR('Jan 2026'!G379,"") -> 11574
A4: February 2026 | B4: =IFERROR('Feb 2026'!D343,"") -> 11574 | C4: =IFERROR('Feb 2026'!E343,"") -> 28180 | D4: =IFERROR('Feb 2026'!F343,"") -> 21337 | E4: =IFERROR('Feb 2026'!G343,"") -> 18417
A5: March 2026 | B5: =IFERROR('Mar 2026'!D379,"") -> 18417 | C5: =IFERROR('Mar 2026'!E379,"") -> 30864 | D5: =IFERROR('Mar 2026'!F379,"") -> 23560 | E5: =IFERROR('Mar 2026'!G379,"") -> 25721
A6: April 2026 | B6: =IFERROR('Apr 2026'!D367,"") -> 25721 | C6: =IFERROR('Apr 2026'!E367,"") -> 30277 | D6: =IFERROR('Apr 2026'!F367,"") -> 22827 | E6: =IFERROR('Apr 2026'!G367,"") -> 33171
A7: May 2026 | B7: =IFERROR('May 2026'!D379,"") -> 33171 | C7: =IFERROR('May 2026'!E379,"") -> 30492 | D7: =IFERROR('May 2026'!F379,"") -> 23255 | E7: =IFERROR('May 2026'!G379,"") -> 40408
A8: June 2026 | B8: =IFERROR('Jun 2026'!D367,"") -> 40408 | C8: =IFERROR('Jun 2026'!E367,"") -> 30565 | D8: =IFERROR('Jun 2026'!F367,"") -> 23338 | E8: =IFERROR('Jun 2026'!G367,"") -> 47635
A9: TOTAL — Jan to Jun 2026 | B9: =B3 -> 4010 | C9: =SUM(C3:C8) -> 181292 | D9: =SUM(D3:D8) -> 137667 | E9: =E8 -> 47635

Sheet PIVOT
A1: PRODUCTION,SALES AND INVENTORY DASHBOARD
FK2: Sum of Sales | FN2: Month | FO2: Sum of Sales
FK3: 137667 | FN3: April 2026 | FO3: 22827
FN4: February 2026 | FO4: 21337
FK5: Sum of Production | FN5: January 2026 | FO5: 23350
A6: TOTAL SALES(in bags) | D6: TOTAL PRODUCTION(in bags) | G6: BEST MONTH | J6: BEST SELLING PRODUCT | M6: AVG EFFICINECY % | FK6: 181292 | FN6: June 2026 | FO6: 23338
FN7: March 2026 | FO7: 23560
A8: =FK3 -> 137667 | D8: =FK6 -> 181292 | G8: =FN11 -> March 2026 (23560 Bags) | J8: =FN27 -> 50/150# (14990 Bags) | M8: =FK9 -> 76.629382 | FA8: Month | FB8: (All) | FK8: Average of Efficiency % | FN8: May 2026 | FO8: 23255
FK9: 76.629382 | FN9: Grand Total | FO9: 137667
FA10: Product | FB10: Sum of Production | FC10: Sum of Sales
FA11: -100# | FB11: 12422 | FC11: 9668 | FN11: =_xlfn.XLOOKUP(MAX(FO3:FO8),FO3:FO8,FN3:FN8)&" ("& MAX(FO3:FO8)&" Bags)" -> March 2026 (23560 Bags)
FA12: 14/30# | FB12: 17548 | FC12: 12934
FA13: 16/30# | FB13: 15432 | FC13: 12156 | FN13: Product | FO13: Sum of Sales | FQ13: Month | FR13: Max of Closing Stock
FA14: 1mm | FB14: 14308 | FC14: 10665 | FN14: -100# | FO14: 9668 | FQ14: April 2026 | FR14: 4514
FA15: 24/60# | FB15: 18766 | FC15: 12996 | FN15: 14/30# | FO15: 12934 | FQ15: February 2026 | FR15: 2440
FA16: 2mm | FB16: 18545 | FC16: 13668 | FN16: 16/30# | FO16: 12156 | FQ16: January 2026 | FR16: 1529
FA17: 30/80# | FB17: 13725 | FC17: 11657 | FN17: 1mm | FO17: 10665 | FQ17: June 2026 | FR17: 6487
FA18: 3mm | FB18: 12285 | FC18: 10712 | FN18: 24/60# | FO18: 12996 | FQ18: March 2026 | FR18: 3400
FA19: 50/150# | FB19: 20959 | FC19: 14990 | FN19: 2mm | FO19: 13668 | FQ19: May 2026 | FR19: 5454
FA20: 5mm | FB20: 16542 | FC20: 13498 | FN20: 30/80# | FO20: 11657 | FQ20: Grand Total | FR20: 6487
FA21: Dust/150# | FB21: 20760 | FC21: 14723 | FN21: 3mm | FO21: 10712
FA22: Grand Total | FB22: 181292 | FC22: 137667 | FN22: 50/150# | FO22: 14990
FN23: 5mm | FO23: 13498
FN24: Dust/150# | FO24: 14723
FA25: Product | FB25: Average of Efficiency % | FN25: Grand Total | FO25: 137667
FA26: 3mm | FB26: 86.660773
FA27: 30/80# | FB27: 84.771823 | FD27: Product | FE27: Sum of Sales | FN27: =_xlfn.XLOOKUP(MAX(FO14:FO24),FO14:FO24,FN14:FN24)&" ("& MAX(FO14:FO24)&" Bags)" -> 50/150# (14990 Bags)
FA28: 5mm | FB28: 81.559116 | FD28: 50/150# | FE28: 14990 | FJ28: Product | FK28: Sum of Production
FA29: 16/30# | FB29: 78.917127 | FD29: Dust/150# | FE29: 14723 | FJ29: 50/150# | FK29: 20959
FA30: -100# | FB30: 77.440331 | FD30: 2mm | FE30: 13668 | FJ30: Dust/150# | FK30: 20760
FA31: 1mm | FB31: 74.641989 | FD31: 5mm | FE31: 13498 | FJ31: 24/60# | FK31: 18766
FA32: 14/30# | FB32: 73.669613 | FD32: 24/60# | FE32: 12996 | FJ32: 2mm | FK32: 18545
FA33: 2mm | FB33: 73.610497 | FD33: 14/30# | FE33: 12934 | FJ33: 14/30# | FK33: 17548
FA34: 50/150# | FB34: 71.423757 | FD34: 16/30# | FE34: 12156 | FJ34: 5mm | FK34: 16542
FA35: Dust/150# | FB35: 70.900552 | FD35: 30/80# | FE35: 11657 | FJ35: 16/30# | FK35: 15432
FA36: 24/60# | FB36: 69.327624 | FD36: 3mm | FE36: 10712 | FJ36: 1mm | FK36: 14308
DH37: hb | FA37: Grand Total | FB37: 76.629382 | FD37: 1mm | FE37: 10665 | FJ37: 30/80# | FK37: 13725
FD38: -100# | FE38: 9668 | FJ38: -100# | FK38: 12422
FD39: Grand Total | FE39: 137667 | FJ39: 3mm | FK39: 12285
FJ40: Grand Total | FK40: 181292

Sheet Data
A1: PRECIOUS MINERALS — FLAT DATA TABLE | Jan 2026 to Jun 2026 | 11 Products | 1,991 Rows
A2: Month | B2: Date | C2: Day | D2: Weekday/Weekend | E2: Product | F2: Opening Stock | G2: Production | H2: Sales | I2: Closing Stock | J2: Efficiency %
A3: January 2026 | B3: 46023 | C3: Thu | D3: Weekday | E3: 14/30# | F3: 480 | G3: 86 | H3: 63 | I3: 503 | J3: 73.3
A4: January 2026 | B4: 46023 | C4: Thu | D4: Weekday | E4: 16/30# | F4: 380 | G4: 75 | H4: 65 | I4: 390 | J4: 86.7
A5: January 2026 | B5: 46023 | C5: Thu | D5: Weekday | E5: 24/60# | F5: 330 | G5: 124 | H5: 77 | I5: 377 | J5: 62.1
A6: January 2026 | B6: 46023 | C6: Thu | D6: Weekday | E6: 30/80# | F6: 430 | G6: 113 | H6: 85 | I6: 458 | J6: 75.2
A7: January 2026 | B7: 46023 | C7: Thu | D7: Weekday | E7: 50/150# | F7: 280 | G7: 148 | H7: 108 | I7: 320 | J7: 73
A8: January 2026 | B8: 46023 | C8: Thu | D8: Weekday | E8: -100# | F8: 360 | G8: 85 | H8: 67 | I8: 378 | J8: 78.8
A9: January 2026 | B9: 46023 | C9: Thu | D9: Weekday | E9: 5mm | F9: 400 | G9: 118 | H9: 85 | I9: 433 | J9: 72
A10: January 2026 | B10: 46023 | C10: Thu | D10: Weekday | E10: 1mm | F10: 340 | G10: 75 | H10: 53 | I10: 362 | J10: 70.7
A11: January 2026 | B11: 46023 | C11: Thu | D11: Weekday | E11: 2mm | F11: 290 | G11: 128 | H11: 98 | I11: 320 | J11: 76.6
A12: January 2026 | B12: 46023 | C12: Thu | D12: Weekday | E12: 3mm | F12: 270 | G12: 76 | H12: 66 | I12: 280 | J12: 86.8
A13: January 2026 | B13: 46023 | C13: Thu | D13: Weekday | E13: Dust/150# | F13: 450 | G13: 115 | H13: 70 | I13: 495 | J13: 60.9
A14: January 2026 | B14: 46024 | C14: Fri | D14: Weekday | E14: 14/30# | F14: 503 | G14: 137 | H14: 92 | I14: 548 | J14: 67.2
... A1993: June 2026 | B1993: 46203 | C1993: Tue | D1993: Weekday | E1993: Dust/150# | F1993: 6435 | G1993: 166 | H1993: 114 | I1993: 6487 | J1993: 68.7

Sheet Jan 2026
A1: PRECIOUS MINERALS
A5: DAILY PRODUCTION AND DISPATCH REGISTER — JANUARY 2026
A6: Date | B6: Day | C6: Product | D6: Opening stock (in bags) | E6: Production (in bags) | F6: Sales (in bags) | G6: Closing stock (auto)
A7: 46023 | B7: Thu | C7: 14/30# | D7: 480 | E7: 86 | F7: 63 | G7: =IFERROR(D7+E7-F7,"") -> 503
C8: 16/30# | D8: 380 | E8: 75 | F8: 65 | G8: =IFERROR(D8+E8-F8,"") -> 390
C9: 24/60# | D9: 330 | E9: 124 | F9: 77 | G9: =IFERROR(D9+E9-F9,"") -> 377
C10: 30/80# | D10: 430 | E10: 113 | F10: 85 | G10: =IFERROR(D10+E10-F10,"") -> 458
C11: 50/150# | D11: 280 | E11: 148 | F11: 108 | G11: =IFERROR(D11+E11-F11,"") -> 320
C12: -100# | D12: 360 | E12: 85 | F12: 67 | G12: =IFERROR(D12+E12-F12,"") -> 378
C13: 5mm | D13: 400 | E13: 118 | F13: 85 | G13: =IFERROR(D13+E13-F13,"") -> 433
C14: 1mm | D14: 340 | E14: 75 | F14: 53 | G14: =IFERROR(D14+E14-F14,"") -> 362
C15: 2mm | D15: 290 | E15: 128 | F15: 98 | G15: =IFERROR(D15+E15-F15,"") -> 320
C16: 3mm | D16: 270 | E16: 76 | F16: 66 | G16: =IFERROR(D16+E16-F16,"") -> 280
C17: Dust/150# | D17: 450 | E17: 115 | F17: 70 | G17: =IFERROR(D17+E17-F17,"") -> 495
A18: Total — 01 Jan 2026 | D18: =IFERROR(SUM(D7:D17),"") -> 4010 | E18: =IFERROR(SUM(E7:E17),"") -> 1143 | F18: =IFERROR(SUM(F7:F17),"") -> 837 | G18: =IFERROR(SUM(G7:G17),"") -> 4316
A19: 46024 | B19: Fri | C19: 14/30# | D19: =G7 -> 503 | E19: 137 | F19: 92 | G19: =IFERROR(D19+E19-F19,"") -> 548
C20: 16/30# | D20: =G8 -> 390 | E20: 127 | F20: 89 | G20: =IFERROR(D20+E20-F20,"") -> 428
C21: 24/60# | D21: =G9 -> 377 | E21: 101 | F21: 64 | G21: =IFERROR(D21+E21-F21,"") -> 414
C22: 30/80# | D22: =G10 -> 458 | E22: 68 | F22: 63 | G22: =IFERROR(D22+E22-F22,"") -> 463
C23: 50/150# | D23: =G11 -> 320 | E23: 102 | F23: 72 | G23: =IFERROR(D23+E23-F23,"") -> 350
C24: -100# | D24: =G12 -> 378 | E24: 108 | F24: 86 | G24: =IFERROR(D24+E24-F24,"") -> 400
C25: 5mm | D25: =G13 -> 433 | E25: 136 | F25: 105 | G25: =IFERROR(D25+E25-F25,"") -> 464
C26: 1mm | D26: =G14 -> 362 | E26: 95 | F26: 63 | G26: =IFERROR(D26+E26-F26,"") -> 394
C27: 2mm | D27: =G15 -> 320 | E27: 124 | F27: 89 | G27: =IFERROR(D27+E27-F27,"") -> 355
C28: 3mm | D28: =G16 -> 280 | E28: 88 | F28: 83 | G28: =IFERROR(D28+E28-F28,"") -> 285
C29: Dust/150# | D29: =G17 -> 495 | E29: 121 | F29: 92 | G29: =IFERROR(D29+E29-F29,"") -> 524
A30: Total — 02 Jan 2026 | D30: =IFERROR(SUM(D19:D29),"") -> 4316 | E30: =IFERROR(SUM(E19:E29),"") -> 1207 | F30: =IFERROR(SUM(F19:F29),"") -> 898 | G30: =IFERROR(SUM(G19:G29),"") -> 4625
A31: 46025 | B31: Sat | C31: 14/30# | D31: =G19 -> 548 | E31: 66 | F31: 52 | G31: =IFERROR(D31+E31-F31,"") -> 562
C32: 16/30# | D32: =G20 -> 428 | E32: 59 | F32: 49 | G32: =IFERROR(D32+E32-F32,"") -> 438
C33: 24/60# | D33: =G21 -> 414 | E33: 78 | F33: 59 | G33: =IFERROR(D33+E33-F33,"") -> 433
C34: 30/80# | D34: =G22 -> 463 | E34: 47 | F34: 43 | G34: =IFERROR(D34+E34-F34,"") -> 467
C35: 50/150# | D35: =G23 -> 350 | E35: 42 | F35: 28 | G35: =IFERROR(D35+E35-F35,"") -> 364
C36: -100# | D36: =G24 -> 400 | E36: 25 | F36: 20 | G36: =IFERROR(D36+E36-F36,"") -> 405
C37: 5mm | D37: =G25 -> 464 | E37: 46 | F37: 35 | G37: =IFERROR(D37+E37-F37,"") -> 475
C38: 1mm | D38: =G26 -> 394 | E38: 47 | F38: 36 | G38: =IFERROR(D38+E38-F38,"") -> 405
C39: 2mm | D39: =G27 -> 355 | E39: 69 | F39: 50 | G39: =IFERROR(D39+E39-F39,"") -> 374
C40: 3mm | D40: =G28 -> 285 | E40: 50 | F40: 40 | G40: =IFERROR(D40+E40-F40,"") -> 295
C41: Dust/150# | D41: =G29 -> 524 | E41: 84 | F41: 65 | G41: =IFERROR(D41+E41-F41,"") -> 543
A42: Total — 03 Jan 2026 | D42: =IFERROR(SUM(D31:D41),"") -> 4625 | E42: =IFERROR(SUM(E31:E41),"") -> 613 | F42: =IFERROR(SUM(F31:F41),"") -> 477 | G42: =IFERROR(SUM(G31:G41),"") -> 4761
A43: 46026 | B43: Sun | C43: 14/30# | D43: =G31 -> 562 | E43: 32 | F43: 25 | G43: =IFERROR(D43+E43-F43,"") -> 569
C44: 16/30# | D44: =G32 -> 438 | E44: 42 | F44: 35 | G44: =IFERROR(D44+E44-F44,"") -> 445
C45: 24/60# | D45: =G33 -> 433 | E45: 70 | F45: 50 | G45: =IFERROR(D45+E45-F45,"") -> 453
C46: 30/80# | D46: =G34 -> 467 | E46: 27 | F46: 25 | G46: =IFERROR(D46+E46-F46,"") -> 469
C47: 50/150# | D47: =G35 -> 364 | E47: 58 | F47: 42 | G47: =IFERROR(D47+E47-F47,"") -> 380
C48: -100# | D48: =G36 -> 405 | E48: 34 | F48: 27 | G48: =IFERROR(D48+E48-F48,"") -> 412
C49: 5mm | D49: =G37 -> 475 | E49: 60 | F49: 45 | G49: =IFERROR(D49+E49-F49,"") -> 490
C50: 1mm | D50: =G38 -> 405 | E50: 35 | F50: 30 | G50: =IFERROR(D50+E50-F50,"") -> 410
C51: 2mm | D51: =G39 -> 374 | E51: 58 | F51: 44 | G51: =IFERROR(D51+E51-F51,"") -> 388
C52: 3mm | D52: =G40 -> 295 | E52: 23 | F52: 17 | G52: =IFERROR(D52+E52-F52,"") -> 301
C53: Dust/150# | D53: =G41 -> 543 | E53: 46 | F53: 35 | G53: =IFERROR(D53+E53-F53,"") -> 554
A54: Total — 04 Jan 2026 | D54: =IFERROR(SUM(D43:D53),"") -> 4761 | E54: =IFERROR(SUM(E43:E53),"") -> 485 | F54: =IFERROR(SUM(F43:F53),"") -> 375 | G54: =IFERROR(SUM(G43:G53),"") -> 4871
A55: 46027 | B55: Mon | C55: 14/30# | D55: =G43 -> 569 | E55: 80 | F55: 55 | G55: =IFERROR(D55+E55-F55,"") -> 594
C56: 16/30# | D56: =G44 -> 445 | E56: 109 | F56: 78 | G56: =IFERROR(D56+E56-F56,"") -> 476
C57: 24/60# | D57: =G45 -> 453 | E57: 155 | F57: 104 | G57: =IFERROR(D57+E57-F57,"") -> 504
C58: 30/80# | D58: =G46 -> 469 | E58: 105 | F58: 80 | G58: =IFERROR(D58+E58-F58,"") -> 494
C59: 50/150# | D59: =G47 -> 380 | E59: 110 | F59: 81 | G59: =IFERROR(D59+E59-F59,"") -> 409
C60: -100# | D60: =G48 -> 412 | E60: 107 | F60: 72 | G60: =IFERROR(D60+E60-F60,"") -> 447
C61: 5mm | D61: =G49 -> 490 | E61: 123 | F61: 90 | G61: =IFERROR(D61+E61-F61,"") -> 523
C62: 1mm | D62: =G50 -> 410 | E62: 99 | F62: 85 | G62: =IFERROR(D62+E62-F62,"") -> 424
C63: 2mm | D63: =G51 -> 388 | E63: 136 | F63: 87 | G63: =IFERROR(D63+E63-F63,"") -> 437
C64: 3mm | D64: =G52 -> 301 | E64: 75 | F64: 66 | G64: =IFERROR(D64+E64-F64,"") -> 310
C65: Dust/150# | D65: =G53 -> 554 | E65: 155 | F65: 96 | G65: =IFERROR(D65+E65-F65,"") -> 613
A66: Total — 05 Jan 2026 | D66: =IFERROR(SUM(D55:D65),"") -> 4871 | E66: =IFERROR(SUM(E55:E65),"") -> 1254 | F66: =IFERROR(SUM(F55:F65),"") -> 894 | G66: =IFERROR(SUM(G55:G65),"") -> 5231
A67: 46028 | B67: Tue | C67: 14/30# | D67: =G55 -> 594 | E67: 88 | F67: 61 | G67: =IFERROR(D67+E67-F67,"") -> 621
C68: 16/30# | D68: =G56 -> 476 | E68: 93 | F68: 72 | G68: =IFERROR(D68+E68-F68,"") -> 497
C69: 24/60# | D69: =G57 -> 504 | E69: 100 | F69: 80 | G69: =IFERROR(D69+E69-F69,"") -> 524
C70: 30/80# | D70: =G58 -> 494 | E70: 63 | F70: 59 | G70: =IFERROR(D70+E70-F70,"") -> 498
C71: 50/150# | D71: =G59 -> 409 | E71: 166 | F71: 126 | G71: =IFERROR(D71+E71-F71,"") -> 449
C72: -100# | D72: =G60 -> 447 | E72: 84 | F72: 66 | G72: =IFERROR(D72+E72-F72,"") -> 465
C73: 5mm | D73: =G61 -> 523 | E73: 93 | F73: 75 | G73: =IFERROR(D73+E73-F73,"") -> 541
C74: 1mm | D74: =G62 -> 424 | E74: 114 | F74: 87 | G74: =IFERROR(D74+E74-F74,"") -> 451
C75: 2mm | D75: =G63 -> 437 | E75: 132 | F75: 88 | G75: =IFERROR(D75+E75-F75,"") -> 481
C76: 3mm | D76: =G64 -> 310 | E76: 89 | F76: 79 | G76: =IFERROR(D76+E76-F76,"") -> 320
C77: Dust/150# | D77: =G65 -> 613 | E77: 161 | F77: 105 | G77: =IFERROR(D77+E77-F77,"") -> 669
A78: Total — 06 Jan 2026 | D78: =IFERROR(SUM(D67:D77),"") -> 5231 | E78: =IFERROR(SUM(E67:E77),"") -> 1183 | F78: =IFERROR(SUM(F67:F77),"") -> 898 | G78: =IFERROR(SUM(G67:G77),"") -> 5516
A79: 46029 | B79: Wed | C79: 14/30# | D79: =G67 -> 621 | E79: 82 | F79: 64 | G79: =IFERROR(D79+E79-F79,"") -> 639
C80: 16/30# | D80: =G68 -> 497 | E80: 98 | F80: 82 | G80: =IFERROR(D80+E80-F80,"") -> 513
C81: 24/60# | D81: =G69 -> 524 | E81: 128 | F81: 89 | G81: =IFERROR(D81+E81-F81,"") -> 563
C82: 30/80# | D82: =G70 -> 498 | E82: 110 | F82: 82 | G82: =IFERROR(D82+E82-F82,"") -> 526
C83: 50/150# | D83: =G71 -> 449 | E83: 120 | F83: 90 | G83: =IFERROR(D83+E83-F83,"") -> 479
C84: -100# | D84: =G72 -> 465 | E84: 70 | F84: 60 | G84: =IFERROR(D84+E84-F84,"") -> 475
C85: 5mm | D85: =G73 -> 541 | E85: 140 | F85: 117 | G85: =IFERROR(D85+E85-F85,"") -> 564
C86: 1mm | D86: =G74 -> 451 | E86: 73 | F86: 53 | G86: =IFERROR(D86+E86-F86,"") -> 471
C87: 2mm | D87: =G75 -> 481 | E87: 149 | F87: 98 | G87: =IFERROR(D87+E87-F87,"") -> 532
C88: 3mm | D88: =G76 -> 320 | E88: 89 | F88: 80 | G88: =IFERROR(D88+E88-F88,"") -> 329
C89: Dust/150# | D89: =G77 -> 669 | E89: 123 | F89: 93 | G89: =IFERROR(D89+E89-F89,"") -> 699
A90: Total — 07 Jan 2026 | D90: =IFERROR(SUM(D79:D89),"") -> 5516 | E90: =IFERROR(SUM(E79:E89),"") -> 1182 | F90: =IFERROR(SUM(F79:F89),"") -> 908 | G90: =IFERROR(SUM(G79:G89),"") -> 5790
A91: 46030 | B91: Thu | C91: 14/30# | D91: =G79 -> 639 | E91: 130 | F91: 85 | G91: =IFERROR(D91+E91-F91,"") -> 684
C92: 16/30# | D92: =G80 -> 513 | E92: 130 | F92: 107 | G92: =IFERROR(D92+E92-F92,"") -> 536
C93: 24/60# | D93: =G81 -> 563 | E93: 100 | F93: 66 | G93: =IFERROR(D93+E93-F93,"") -> 597
C94: 30/80# | D94: =G82 -> 526 | E94: 92 | F94: 75 | G94: =IFERROR(D94+E94-F94,"") -> 543
C95: 50/150# | D95: =G83 -> 479 | E95: 102 | F95: 69 | G95: =IFERROR(D95+E95-F95,"") -> 512
C96: -100# | D96: =G84 -> 475 | E96: 67 | F96: 54 | G96: =IFERROR(D96+E96-F96,"") -> 488
C97: 5mm | D97: =G85 -> 564 | E97: 104 | F97: 76 | G97: =IFERROR(D97+E97-F97,"") -> 592
C98: 1mm | D98: =G86 -> 471 | E98: 103 | F98: 77 | G98: =IFERROR(D98+E98-F98,"") -> 497
C99: 2mm | D99: =G87 -> 532 | E99: 95 | F99: 70 | G99: =IFERROR(D99+E99-F99,"") -> 557
C100: 3mm | D100: =G88 -> 329 | E100: 90 | F100: 87 | G100: =IFERROR(D100+E100-F100,"") -> 332
C101: Dust/150# | D101: =G89 -> 699 | E101: 112 | F101: 85 | G101: =IFERROR(D101+E101-F101,"") -> 726
A102: Total — 08 Jan 2026 | D102: =IFERROR(SUM(D91:D101),"") -> 5790 | E102: =IFERROR(SUM(E91:E101),"") -> 1125 | F102: =IFERROR(SUM(F91:F101),"") -> 851 | G102: =IFERROR(SUM(G91:G101),"") -> 6064
A103: 46031 | B103: Fri | C103: 14/30# | D103: =G91 -> 684 | E103: 142 | F103: 102 | G103: =IFERROR(D103+E103-F103,"") -> 724
...

Sheet Feb 2026
A1: PRECIOUS MINERALS
A5: DAILY PRODUCTION AND DISPATCH REGISTER — FEBRUARY 2026
A6: Date | B6: Day | C6: Product | D6: Opening stock (in bags) | E6: Production (in bags) | F6: Sales (in bags) | G6: Closing stock (auto)
A7: 46054 | B7: Sun | C7: 14/30# | D7: ='Jan 2026'!G367 -> 1264 | E7: 50 | F7: 34 | G7: =IFERROR(D7+E7-F7,"") -> 1280
C8: 16/30# | D8: ='Jan 2026'!G368 -> 914 | E8: 48 | F8: 42 | G8: =IFERROR(D8+E8-F8,"") -> 920
C9: 24/60# | D9: ='Jan 2026'!G369 -> 1310 | E9: 66 | F9: 44 | G9: =IFERROR(D9+E9-F9,"") -> 1332
C10: 30/80# | D10: ='Jan 2026'!G370 -> 792 | E10: 38 | F10: 36 | G10: =IFERROR(D10+E10-F10,"") -> 794
C11: 50/150# | D11: ='Jan 2026'!G371 -> 1216 | E11: 88 | F11: 55 | G11: =IFERROR(D11+E11-F11,"") -> 1249
C12: -100# | D12: ='Jan 2026'!G372 -> 871 | E12: 50 | F12: 36 | G12: =IFERROR(D12+E12-F12,"") -> 885
C13: 5mm | D13: ='Jan 2026'!G373 -> 995 | E13: 43 | F13: 35 | G13: =IFERROR(D13+E13-F13,"") -> 1003
C14: 1mm | D14: ='Jan 2026'!G374 -> 985 | E14: 41 | F14: 34 | G14: =IFERROR(D14+E14-F14,"") -> 992
C15: 2mm | D15: ='Jan 2026'!G375 -> 1150 | E15: 69 | F15: 47 | G15: =IFERROR(D15+E15-F15,"") -> 1172
C16: 3mm | D16: ='Jan 2026'!G376 -> 548 | E16: 49 | F16: 42 | G16: =IFERROR(D16+E16-F16,"") -> 555
C17: Dust/150# | D17: ='Jan 2026'!G377 -> 1529 | E17: 48 | F17: 32 | G17: =IFERROR(D17+E17-F17,"") -> 1545
A18: Total — 01 Feb 2026 | D18: =IFERROR(SUM(D7:D17),"") -> 11574 | E18: =IFERROR(SUM(E7:E17),"") -> 590 | F18: =IFERROR(SUM(F7:F17),"") -> 437 | G18: =IFERROR(SUM(G7:G17),"") -> 11727
A19: 46055 | B19: Mon | C19: 14/30# | D19: =G7 -> 1280 | E19: 117 | F19: 78 | G19: =IFERROR(D19+E19-F19,"") -> 1319
C20: 16/30# | D20: =G8 -> 920 | E20: 111 | F20: 89 | G20: =IFERROR(D20+E20-F20,"") -> 942
C21: 24/60# | D21: =G9 -> 1332 | E21: 149 | F21: 92 | G21: =IFERROR(D21+E21-F21,"") -> 1389
C22: 30/80# | D22: =G10 -> 794 | E22: 118 | F22: 107 | G22: =IFERROR(D22+E22-F22,"") -> 805
C23: 50/150# | D23: =G11 -> 1249 | E23: 141 | F23: 99 | G23: =IFERROR(D23+E23-F23,"") -> 1291
C24: -100# | D24: =G12 -> 885 | E24: 86 | F24: 74 | G24: =IFERROR(D24+E24-F24,"") -> 897
C25: 5mm | D25: =G13 -> 1003 | E25: 91 | F25: 72 | G25: =IFERROR(D25+E25-F25,"") -> 1022
C26: 1mm | D26: =G14 -> 992 | E26: 114 | F26: 76 | G26: =IFERROR(D26+E26-F26,"") -> 1030
C27: 2mm | D27: =G15 -> 1172 | E27: 105 | F27: 80 | G27: =IFERROR(D27+E27-F27,"") -> 1197
C28: 3mm | D28: =G16 -> 555 | E28: 105 | F28: 97 | G28: =IFERROR(D28+E28-F28,"") -> 563
C29: Dust/150# | D29: =G17 -> 1545 | E29: 151 | F29: 113 | G29: =IFERROR(D29+E29-F29,"") -> 1583
A30: Total — 02 Feb 2026 | D30: =IFERROR(SUM(D19:D29),"") -> 11727 | E30: =IFERROR(SUM(E19:E29),"") -> 1288 | F30: =IFERROR(SUM(F19:F29),"") -> 977 | G30: =IFERROR(SUM(G19:G29),"") -> 12038
A31: 46056 | B31: Tue | C31: 14/30# | D31: =G19 -> 1319 | E31: 90 | F31: 76 | G31: =IFERROR(D31+E31-F31,"") -> 1333
C32: 16/30# | D32: =G20 -> 942 | E32: 94 | F32: 82 | G32: =IFERROR(D32+E32-F32,"") -> 954
C33: 24/60# | D33: =G21 -> 1389 | E33: 98 | F33: 69 | G33: =IFERROR(D33+E33-F33,"") -> 1418
C34: 30/80# | D34: =G22 -> 805 | E34: 89 | F34: 70 | G34: =IFERROR(D34+E34-F34,"") -> 824
C35: 50/150# | D35: =G23 -> 1291 | E35: 121 | F35: 86 | G35: =IFERROR(D35+E35-F35,"") -> 1326
C36: -100# | D36: =G24 -> 897 | E36: 94 | F36: 81 | G36: =IFERROR(D36+E36-F36,"") -> 910
C37: 5mm | D37: =G25 -> 1022 | E37: 91 | F37: 69 | G37: =IFERROR(D37+E37-F37,"") -> 1044
C38: 1mm | D38: =G26 -> 1030 | E38: 116 | F38: 85 | G38: =IFERROR(D38+E38-F38,"") -> 1061
C39: 2mm | D39: =G27 -> 1197 | E39: 138 | F39: 92 | G39: =IFERROR(D39+E39-F39,"") -> 1243
C40: 3mm | D40: =G28 -> 563 | E40: 65 | F40: 57 | G40: =IFERROR(D40+E40-F40,"") -> 571
C41: Dust/150# | D41: =G29 -> 1583 | E41: 129 | F41: 97 | G41: =IFERROR(D41+E41-F41,"") -> 1615
A42: Total — 03 Feb 2026 | D42: =IFERROR(SUM(D31:D41),"") -> 12038 | E42: =IFERROR(SUM(E31:E41),"") -> 1125 | F42: =IFERROR(SUM(F31:F41),"") -> 864 | G42: =IFERROR(SUM(G31:G41),"") -> 12299
A43: 46057 | B43: Wed | C43: 14/30# | D43: =G31 -> 1333 | E43: 104 | F43: 86 | G43: =IFERROR(D43+E43-F43,"") -> 1351
C44: 16/30# | D44: =G32 -> 954 | E44: 98 | F44: 68 | G44: =IFERROR(D44+E44-F44,"") -> 984
C45: 24/60# | D45: =G33 -> 1418 | E45: 113 | F45: 72 | G45: =IFERROR(D45+E45-F45,"") -> 1459
C46: 30/80# | D46: =G34 -> 824 | E46: 109 | F46: 91 | G46: =IFERROR(D46+E46-F46,"") -> 842
C47: 50/150# | D47: =G35 -> 1326 | E47: 179 | F47: 120 | G47: =IFERROR(D47+E47-F47,"") -> 1385
C48: -100# | D48: =G36 -> 910 | E48: 70 | F48: 47 | G48: =IFERROR(D48+E48-F48,"") -> 933
C49: 5mm | D49: =G37 -> 1044 | E49: 87 | F49: 69 | G49: =IFERROR(D49+E49-F49,"") -> 1062
C50: 1mm | D50: =G38 -> 1061 | E50: 67 | F50: 49 | G50: =IFERROR(D50+E50-F50,"") -> 1079
C51: 2mm | D51: =G39 -> 1243 | E51: 112 | F51: 73 | G51: =IFERROR(D51+E51-F51,"") -> 1282
C52: 3mm | D52: =G40 -> 571 | E52: 66 | F52: 58 | G52: =IFERROR(D52+E52-F52,"") -> 579
C53: Dust/150# | D53: =G41 -> 1615 | E53: 150 | F53: 96 | G53: =IFERROR(D53+E53-F53,"") -> 1669
A54: Total — 04 Feb 2026 | D54: =IFERROR(SUM(D43:D53),"") -> 12299 | E54: =IFERROR(SUM(E43:E53),"") -> 1155 | F54: =IFERROR(SUM(F43:F53),"") -> 829 | G54: =IFERROR(SUM(G43:G53),"") -> 12625
A55: 46058 | B55: Thu | C55: 14/30# | D55: =G43 -> 1351 | E55: 99 | F55: 71 | G55: =IFERROR(D55+E55-F55,"") -> 1379
C56: 16/30# | D56: =G44 -> 984 | E56: 113 | F56: 88 | G56: =IFERROR(D56+E56-F56,"") -> 1009
C57: 24/60# | D57: =G45 -> 1459 | E57: 111 | F57: 80 | G57: =IFERROR(D57+E57-F57,"") -> 1490
C58: 30/80# | D58: =G46 -> 842 | E58: 108 | F58: 85 | G58: =IFERROR(D58+E58-F58,"") -> 865
C59: 50/150# | D59: =G47 -> 1385 | E59: 174 | F59: 130 | G59: =IFERROR(D59+E59-F59,"") -> 1429
C60: -100# | D60: =G48 -> 933 | E60: 97 | F60: 77 | G60: =IFERROR(D60+E60-F60,"") -> 953
C61: 5mm | D61: =G49 -> 1062 | E61: 77 | F61: 70 | G61: =IFERROR(D61+E61-F61,"") -> 1069
C62: 1mm | D62: =G50 -> 1079 | E62: 84 | F62: 68 | G62: =IFERROR(D62+E62-F62,"") -> 1095
C63: 2mm | D63: =G51 -> 1282 | E63: 140 | F63: 112 | G63: =IFERROR(D63+E63-F63,"") -> 1310
C64: 3mm | D64: =G52 -> 579 | E64: 93 | F64: 77 | G64: =IFERROR(D64+E64-F64,"") -> 595
C65: Dust/150# | D65: =G53 -> 1669 | E65: 167 | F65: 110 | G65: =IFERROR(D65+E65-F65,"") -> 1726
A66: Total — 05 Feb 2026 | D66: =IFERROR(SUM(D55:D65),"") -> 12625 | E66: =IFERROR(SUM(E55:E65),"") -> 1263 | F66: =IFERROR(SUM(F55:F65),"") -> 968 | G66: =IFERROR(SUM(G55:G65),"") -> 12920
A67: 46059 | B67: Fri | C67: 14/30# | D67: =G55 -> 1379 | E67: 105 | F67: 73 | G67: =IFERROR(D67+E67-F67,"") -> 1411
C68: 16/30# | D68: =G56 -> 1009 | E68: 103 | F68: 77 | G68: =IFERROR(D68+E68-F68,"") -> 1035
C69: 24/60# | D69: =G57 -> 1490 | E69: 119 | F69: 86 | G69: =IFERROR(D69+E69-F69,"") -> 1523
C70: 30/80# | D70: =G58 -> 865 | E70: 117 | F70: 110 | G70: =IFERROR(D70+E70-F70,"") -> 872
C71: 50/150# | D71: =G59 -> 1429 | E71: 115 | F71: 74 | G71: =IFERROR(D71+E71-F71,"") -> 1470
C72: -100# | D72: =G60 -> 953 | E72: 69 | F72: 56 | G72: =IFERROR(D72+E72-F72,"") -> 966
C73: 5mm | D73: =G61 -> 1069 | E73: 97 | F73: 69 | G73: =IFERROR(D73+E73-F73,"") -> 1097
C74: 1mm | D74: =G62 -> 1095 | E74: 96 | F74: 75 | G74: =IFERROR(D74+E74-F74,"") -> 1116
C75: 2mm | D75: =G63 -> 1310 | E75: 114 | F75: 89 | G75: =IFERROR(D75+E75-F75,"") -> 1335
C76: 3mm | D76: =G64 -> 595 | E76: 95 | F76: 81 | G76: =IFERROR(D76+E76-F76,"") -> 609
C77: Dust/150# | D77: =G65 -> 1726 | E77: 150 | F77: 120 | G77: =IFERROR(D77+E77-F77,"") -> 1756
A78: Total — 06 Feb 2026 | D78: =IFERROR(SUM(D67:D77),"") -> 12920 | E78: =IFERROR(SUM(E67:E77),"") -> 1180 | F78: =IFERROR(SUM(F67:F77),"") -> 910 | G78: =IFERROR(SUM(G67:G77),"") -> 13190
A79: 46060 | B79: Sat | C79: 14/30# | D79: =G67 -> 1411 | E79: 71 | F79: 49 | G79: =IFERROR(D79+E79-F79,"") -> 1433
C80: 16/30# | D80: =G68 -> 1035 | E80: 40 | F80: 28 | G80: =IFERROR(D80+E80-F80,"") -> 1047
C81: 24/60# | D81: =G69 -> 1523 | E81: 78 | F81: 48 | G81: =IFERROR(D81+E81-F81,"") -> 1553
C82: 30/80# | D82: =G70 -> 872 | E82: 50 | F82: 45 | G82: =IFERROR(D82+E82-F82,"") -> 877
C83: 50/150# | D83: =G71 -> 1470 | E83: 59 | F83: 43 | G83: =IFERROR(D83+E83-F83,"") -> 1486
C84: -100# | D84: =G72 -> 966 | E84: 24 | F84: 17 | G84: =IFERROR(D84+E84-F84,"") -> 973
C85: 5mm | D85: =G73 -> 1097 | E85: 59 | F85: 47 | G85: =IFERROR(D85+E85-F85,"") -> 1109
C86: 1mm | D86: =G74 -> 1116 | E86: 58 | F86: 39 | G86: =IFERROR(D86+E86-F86,"") -> 1135
C87: 2mm | D87: =G75 -> 1335 | E87: 61 | F87: 47 | G87: =IFERROR(D87+E87-F87,"") -> 1349
C88: 3mm | D88: =G76 -> 609 | E88: 31 | F88: 24 | G88: =IFERROR(D88+E88-F88,"") -> 616
C89: Dust/150# | D89: =G77 -> 1756 | E89: 66 | F89: 50 | G89: =IFERROR(D89+E89-F89,"") -> 1772
A90: Total — 07 Feb 2026 | D90: =IFERROR(SUM(D79:D89),"") -> 13190 | E90: =IFERROR(SUM(E79:E89),"") -> 597 | F90: =IFERROR(SUM(F79:F89),"") -> 437 | G90: =IFERROR(SUM(G79:G89),"") -> 13350
A91: 46061 | B91: Sun | C91: 14/30# | D91: =G79 -> 1433 | E91: 51 | F91: 34 | G91: =IFERROR(D91+E91-F91,"") -> 1450
C92: 16/30# | D92: =G80 -> 1047 | E92: 59 | F92: 48 | G92: =IFERROR(D92+E92-F92,"") -> 1058
C93: 24/60# | D93: =G81 -> 1553 | E93: 58 | F93: 39 | G93: =IFERROR(D93+E93-F93,"") -> 1572
C94: 30/80# | D94: =G82 -> 877 | E94: 31 | F94: 24 | G94: =IFERROR(D94+E94-F94,"") -> 884
C95: 50/150# | D95: =G83 -> 1486 | E95: 62 | F95: 49 | G95: =IFERROR(D95+E95-F95,"") -> 1499
C96: -100# | D96: =G84 -> 973 | E96: 36 | F96: 28 | G96: =IFERROR(D96+E96-F96,"") -> 981
C97: 5mm | D97: =G85 -> 1109 | E97: 66 | F97: 55 | G97: =IFERROR(D97+E97-F97,"") -> 1120
C98: 1mm | D98: =G86 -> 1135 | E98: 31 | F98: 20 | G98: =IFERROR(D98+E98-F98,"") -> 1146
C99: 2mm | D99: =G87 -> 1349 | E99: 34 | F99: 26 | G99: =IFERROR(D99+E99-F99,"") -> 1357
C100: 3mm | D100: =G88 -> 616 | E100: 33 | F100: 32 | G100: =IFERROR(D100+E100-F100,"") -> 617
C101: Dust/150# | D101: =G89 -> 1772 | E101: 66 | F101: 46 | G101: =IFERROR(D101+E101-F101,"") -> 1792
A102: Total — 08 Feb 2026 | D102: =IFERROR(SUM(D91:D101),"") -> 13350 | E102: =IFERROR(SUM(E91:E101),"") -> 527 | F102: =IFERROR(SUM(F91:F101),"") -> 401 | G102: =IFERROR(SUM(G91:G101),"") -> 13476
A103: 46062 | B103: Mon | C103: 14/30# | D103: =G91 -> 1450 | E103: 98 | F103: 80 | G103: =IFERROR(D103+E103-F103,"") -> 1468
...

Sheet Mar 2026
A1: PRECIOUS MINERALS
A5: DAILY PRODUCTION AND DISPATCH REGISTER — MARCH 2026
A6: Date | B6: Day | C6: Product | D6: Opening stock (in bags) | E6: Production (in bags) | F6: Sales (in bags) | G6: Closing stock (auto)
A7: 46082 | B7: Sun | C7: 14/30# | D7: ='Feb 2026'!G331 -> 1995 | E7: 75 | F7: 50 | G7: =IFERROR(D7+E7-F7,"") -> 2020
C8: 16/30# | D8: ='Feb 2026'!G332 -> 1428 | E8: 51 | F8: 38 | G8: =IFERROR(D8+E8-F8,"") -> 1441
C9: 24/60# | D9: ='Feb 2026'!G333 -> 2232 | E9: 39 | F9: 23 | G9: =IFERROR(D9+E9-F9,"") -> 2248
C10: 30/80# | D10: ='Feb 2026'!G334 -> 1171 | E10: 50 | F10: 39 | G10: =IFERROR(D10+E10-F10,"") -> 1182
C11: 50/150# | D11: ='Feb 2026'!G335 -> 2173 | E11: 78 | F11: 51 | G11: =IFERROR(D11+E11-F11,"") -> 2200
C12: -100# | D12: ='Feb 2026'!G336 -> 1300 | E12: 34 | F12: 25 | G12: =IFERROR(D12+E12-F12,"") -> 1309
C13: 5mm | D13: ='Feb 2026'!G337 -> 1426 | E13: 53 | F13: 47 | G13: =IFERROR(D13+E13-F13,"") -> 1432
C14: 1mm | D14: ='Feb 2026'!G338 -> 1602 | E14: 43 | F14: 30 | G14: =IFERROR(D14+E14-F14,"") -> 1615
C15: 2mm | D15: ='Feb 2026'!G339 -> 1840 | E15: 53 | F15: 41 | G15: =IFERROR(D15+E15-F15,"") -> 1852
C16: 3mm | D16: ='Feb 2026'!G340 -> 810 | E16: 27 | F16: 25 | G16: =IFERROR(D16+E16-F16,"") -> 812
C17: Dust/150# | D17: ='Feb 2026'!G341 -> 2440 | E17: 68 | F17: 54 | G17: =IFERROR(D17+E17-F17,"") -> 2454
A18: Total — 01 Mar 2026 | D18: =IFERROR(SUM(D7:D17),"") -> 18417 | E18: =IFERROR(SUM(E7:E17),"") -> 571 | F18: =IFERROR(SUM(F7:F17),"") -> 423 | G18: =IFERROR(SUM(G7:G17),"") -> 18565
A19: 46083 | B19: Mon | C19: 14/30# | D19: =G7 -> 2020 | E19: 149 | F19: 97 | G19: =IFERROR(D19+E19-F19,"") -> 2072
C20: 16/30# | D20: =G8 -> 1441 | E20: 92 | F20: 66 | G20: =IFERROR(D20+E20-F20,"") -> 1467
C21: 24/60# | D21: =G9 -> 2248 | E21: 123 | F21: 75 | G21: =IFERROR(D21+E21-F21,"") -> 2296
C22: 30/80# | D22: =G10 -> 1182 | E22: 94 | F22: 76 | G22: =IFERROR(D22+E22-F22,"") -> 1200
C23: 50/150# | D23: =G11 -> 2200 | E23: 105 | F23: 82 | G23: =IFERROR(D23+E23-F23,"") -> 2223
C24: -100# | D24: =G12 -> 1309 | E24: 107 | F24: 88 | G24: =IFERROR(D24+E24-F24,"") -> 1328
C25: 5mm | D25: =G13 -> 1432 | E25: 133 | F25: 111 | G25: =IFERROR(D25+E25-F25,"") -> 1454
C26: 1mm | D26: =G14 -> 1615 | E26: 67 | F26: 46 | G26: =IFERROR(D26+E26-F26,"") -> 1636
C27: 2mm | D27: =G15 -> 1852 | E27: 121 | F27: 85 | G27: =IFERROR(D27+E27-F27,"") -> 1888
C28: 3mm | D28: =G16 -> 812 | E28: 76 | F28: 72 | G28: =IFERROR(D28+E28-F28,"") -> 816
C29: Dust/150# | D29: =G17 -> 2454 | E29: 129 | F29: 97 | G29: =IFERROR(D29+E29-F29,"") -> 2486
A30: Total — 02 Mar 2026 | D30: =IFERROR(SUM(D19:D29),"") -> 18565 | E30: =IFERROR(SUM(E19:E29),"") -> 1196 | F30: =IFERROR(SUM(F19:F29),"") -> 895 | G30: =IFERROR(SUM(G19:G29),"") -> 18866
A31: 46084 | B31: Tue | C31: 14/30# | D31: =G19 -> 2072 | E31: 82 | F31: 58 | G31: =IFERROR(D31+E31-F31,"") -> 2096
C32: 16/30# | D32: =G20 -> 1467 | E32: 129 | F32: 98 | G32: =IFERROR(D32+E32-F32,"") -> 1498
C33: 24/60# | D33: =G21 -> 2296 | E33: 143 | F33: 104 | G33: =IFERROR(D33+E33-F33,"") -> 2335
C34: 30/80# | D34: =G22 -> 1200 | E34: 91 | F34: 69 | G34: =IFERROR(D34+E34-F34,"") -> 1222
C35: 50/150# | D35: =G23 -> 2223 | E35: 143 | F35: 97 | G35: =IFERROR(D35+E35-F35,"") -> 2269
C36: -100# | D36: =G24 -> 1328 | E36: 83 | F36: 57 | G36: =IFERROR(D36+E36-F36,"") -> 1354
C37: 5mm | D37: =G25 -> 1454 | E37: 100 | F37: 87 | G37: =IFERROR(D37+E37-F37,"") -> 1467
C38: 1mm | D38: =G26 -> 1636 | E38: 73 | F38: 62 | G38: =IFERROR(D38+E38-F38,"") -> 1647
C39: 2mm | D39: =G27 -> 1888 | E39: 131 | F39: 105 | G39: =IFERROR(D39+E39-F39,"") -> 1914
C40: 3mm | D40: =G28 -> 816 | E40: 77 | F40: 71 | G40: =IFERROR(D40+E40-F40,"") -> 822
C41: Dust/150# | D41: =G29 -> 2486 | E41: 136 | F41: 109 | G41: =IFERROR(D41+E41-F41,"") -> 2513
A42: Total — 03 Mar 2026 | D42: =IFERROR(SUM(D31:D41),"") -> 18866 | E42: =IFERROR(SUM(E31:E41),"") -> 1188 | F42: =IFERROR(SUM(F31:F41),"") -> 917 | G42: =IFERROR(SUM(G31:G41),"") -> 19137
A43: 46085 | B43: Wed | C43: 14/30# | D43: =G31 -> 2096 | E43: 121 | F43: 86 | G43: =IFERROR(D43+E43-F43,"") -> 2131
C44: 16/30# | D44: =G32 -> 1498 | E44: 82 | F44: 73 | G44: =IFERROR(D44+E44-F44,"") -> 1507
C45: 24/60# | D45: =G33 -> 2335 | E45: 132 | F45: 100 | G45: =IFERROR(D45+E45-F45,"") -> 2367
C46: 30/80# | D46: =G34 -> 1222 | E46: 106 | F46: 100 | G46: =IFERROR(D46+E46-F46,"") -> 1228
C47: 50/150# | D47: =G35 -> 2269 | E47: 131 | F47: 96 | G47: =IFERROR(D47+E47-F47,"") -> 2304
C48: -100# | D48: =G36 -> 1354 | E48: 68 | F48: 57 | G48: =IFERROR(D48+E48-F48,"") -> 1365
C49: 5mm | D49: =G37 -> 1467 | E49: 103 | F49: 84 | G49: =IFERROR(D49+E49-F49,"") -> 1486
C50: 1mm | D50: =G38 -> 1647 | E50: 108 | F50: 86 | G50: =IFERROR(D50+E50-F50,"") -> 1669
C51: 2mm | D51: =G39 -> 1914 | E51: 129 | F51: 105 | G51: =IFERROR(D51+E51-F51,"") -> 1938
C52: 3mm | D52: =G40 -> 822 | E52: 82 | F52: 74 | G52: =IFERROR(D52+E52-F52,"") -> 830
C53: Dust/150# | D53: =G41 -> 2513 | E53: 158 | F53: 127 | G53: =IFERROR(D53+E53-F53,"") -> 2544
A54: Total — 04 Mar 2026 | D54: =IFERROR(SUM(D43:D53),"") -> 19137 | E54: =IFERROR(SUM(E43:E53),"") -> 1220 | F54: =IFERROR(SUM(F43:F53),"") -> 988 | G54: =IFERROR(SUM(G43:G53),"") -> 19369
A55: 46086 | B55: Thu | C55: 14/30# | D55: =G43 -> 2131 | E55: 88 | F55: 65 | G55: =IFERROR(D55+E55-F55,"") -> 2154
C56: 16/30# | D56: =G44 -> 1507 | E56: 88 | F56: 64 | G56: =IFERROR(D56+E56-F56,"") -> 1531
C57: 24/60# | D57: =G45 -> 2367 | E57: 105 | F57: 68 | G57: =IFERROR(D57+E57-F57,"") -> 2404
C58: 30/80# | D58: =G46 -> 1228 | E58: 91 | F58: 79 | G58: =IFERROR(D58+E58-F58,"") -> 1240
C59: 50/150# | D59: =G47 -> 2304 | E59: 118 | F59: 94 | G59: =IFERROR(D59+E59-F59,"") -> 2328
C60: -100# | D60: =G48 -> 1365 | E60: 90 | F60: 72 | G60: =IFERROR(D60+E60-F60,"") -> 1383
C61: 5mm | D61: =G49 -> 1486 | E61: 83 | F61: 65 | G61: =IFERROR(D61+E61-F61,"") -> 1504
C62: 1mm | D62: =G50 -> 1669 | E62: 87 | F62: 59 | G62: =IFERROR(D62+E62-F62,"") -> 1697
C63: 2mm | D63: =G51 -> 1938 | E63: 140 | F63: 92 | G63: =IFERROR(D63+E63-F63,"") -> 1986
C64: 3mm | D64: =G52 -> 830 | E64: 97 | F64: 95 | G64: =IFERROR(D64+E64-F64,"") -> 832
C65: Dust/150# | D65: =G53 -> 2544 | E65: 150 | F65: 92 | G65: =IFERROR(D65+E65-F65,"") -> 2602
A66: Total — 05 Mar 2026 | D66: =IFERROR(SUM(D55:D65),"") -> 19369 | E66: =IFERROR(SUM(E55:E65),"") -> 1137 | F66: =IFERROR(SUM(F55:F65),"") -> 845 | G66: =IFERROR(SUM(G55:G65),"") -> 19661
A67: 46087 | B67: Fri | C67: 14/30# | D67: =G55 -> 2154 | E67: 100 | F67: 70 | G67: =IFERROR(D67+E67-F67,"") -> 2184
C68: 16/30# | D68: =G56 -> 1531 | E68: 72 | F68: 60 | G68: =IFERROR(D68+E68-F68,"") -> 1543
C69: 24/60# | D69: =G57 -> 2404 | E69: 90 | F69: 71 | G69: =IFERROR(D69+E69-F69,"") -> 2423
C70: 30/80# | D70: =G58 -> 1240 | E70: 70 | F70: 64 | G70: =IFERROR(D70+E70-F70,"") -> 1246
C71: 50/150# | D71: =G59 -> 2328 | E71: 115 | F71: 78 | G71: =IFERROR(D71+E71-F71,"") -> 2365
C72: -100# | D72: =G60 -> 1383 | E72: 71 | F72: 48 | G72: =IFERROR(D72+E72-F72,"") -> 1406
C73: 5mm | D73: =G61 -> 1504 | E73: 105 | F73: 90 | G73: =IFERROR(D73+E73-F73,"") -> 1519
C74: 1mm | D74: =G62 -> 1697 | E74: 116 | F74: 88 | G74: =IFERROR(D74+E74-F74,"") -> 1725
C75: 2mm | D75: =G63 -> 1986 | E75: 129 | F75: 87 | G75: =IFERROR(D75+E75-F75,"") -> 2028
C76: 3mm | D76: =G64 -> 832 | E76: 75 | F76: 59 | G76: =IFERROR(D76+E76-F76,"") -> 848
C77: Dust/150# | D77: =G65 -> 2602 | E77: 112 | F77: 81 | G77: =IFERROR(D77+E77-F77,"") -> 2633
A78: Total — 06 Mar 2026 | D78: =IFERROR(SUM(D67:D77),"") -> 19661 | E78: =IFERROR(SUM(E67:E77),"") -> 1055 | F78: =IFERROR(SUM(F67:F77),"") -> 796 | G78: =IFERROR(SUM(G67:G77),"") -> 19920
A79: 46088 | B79: Sat | C79: 14/30# | D79: =G67 -> 2184 | E79: 33 | F79: 22 | G79: =IFERROR(D79+E79-F79,"") -> 2195
C80: 16/30# | D80: =G68 -> 1543 | E80: 50 | F80: 37 | G80: =IFERROR(D80+E80-F80,"") -> 1556
C81: 24/60# | D81: =G69 -> 2423 | E81: 79 | F81: 61 | G81: =IFERROR(D81+E81-F81,"") -> 2441
C82: 30/80# | D82: =G70 -> 1246 | E82: 57 | F82: 48 | G82: =IFERROR(D82+E82-F82,"") -> 1255
C83: 50/150# | D83: =G71 -> 2365 | E83: 69 | F83: 42 | G83: =IFERROR(D83+E83-F83,"") -> 2392
C84: -100# | D84: =G72 -> 1406 | E84: 23 | F84: 16 | G84: =IFERROR(D84+E84-F84,"") -> 1413
C85: 5mm | D85: =G73 -> 1519 | E85: 34 | F85: 26 | G85: =IFERROR(D85+E85-F85,"") -> 1527
C86: 1mm | D86: =G74 -> 1725 | E86: 27 | F86: 23 | G86: =IFERROR(D86+E86-F86,"") -> 1729
C87: 2mm | D87: =G75 -> 2028 | E87: 58 | F87: 40 | G87: =IFERROR(D87+E87-F87,"") -> 2046
C88: 3mm | D88: =G76 -> 848 | E88: 28 | F88: 25 | G88: =IFERROR(D88+E88-F88,"") -> 851
C89: Dust/150# | D89: =G77 -> 2633 | E89: 43 | F89: 30 | G89: =IFERROR(D89+E89-F89,"") -> 2646
A90: Total — 07 Mar 2026 | D90: =IFERROR(SUM(D79:D89),"") -> 19920 | E90: =IFERROR(SUM(E79:E89),"") -> 501 | F90: =IFERROR(SUM(F79:F89),"") -> 370 | G90: =IFERROR(SUM(G79:G89),"") -> 20051
A91: 46089 | B91: Sun | C91: 14/30# | D91: =G79 -> 2195 | E91: 40 | F91: 32 | G91: =IFERROR(D91+E91-F91,"") -> 2203
C92: 16/30# | D92: =G80 -> 1556 | E92: 59 | F92: 52 | G92: =IFERROR(D92+E92-F92,"") -> 1563
C93: 24/60# | D93: =G81 -> 2441 | E93: 51 | F93: 31 | G93: =IFERROR(D93+E93-F93,"") -> 2461
C94: 30/80# | D94: =G82 -> 1255 | E94: 51 | F94: 43 | G94: =IFERROR(D94+E94-F94,"") -> 1263
C95: 50/150# | D95: =G83 -> 2392 | E95: 72 | F95: 50 | G95: =IFERROR(D95+E95-F95,"") -> 2414
C96: -100# | D96: =G84 -> 1413 | E96: 44 | F96: 34 | G96: =IFERROR(D96+E96-F96,"") -> 1423
C97: 5mm | D97: =G85 -> 1527 | E97: 52 | F97: 39 | G97: =IFERROR(D97+E97-F97,"") -> 1540
C98: 1mm | D98: =G86 -> 1729 | E98: 48 | F98: 32 | G98: =IFERROR(D98+E98-F98,"") -> 1745
C99: 2mm | D99: =G87 -> 2046 | E99: 74 | F99: 48 | G99: =IFERROR(D99+E99-F99,"") -> 2072
C100: 3mm | D100: =G88 -> 851 | E100: 46 | F100: 41 | G100: =IFERROR(D100+E100-F100,"") -> 856
C101: Dust/150# | D101: =G89 -> 2646 | E101: 85 | F101: 53 | G101: =IFERROR(D101+E101-F101,"") -> 2678
A102: Total — 08 Mar 2026 | D102: =IFERROR(SUM(D91:D101),"") -> 20051 | E102: =IFERROR(SUM(E91:E101),"") -> 622 | F102: =IFERROR(SUM(F91:F101),"") -> 455 | G102: =IFERROR(SUM(G91:G101),"") -> 20218
A103: 46090 | B103: Mon | C103: 14/30# | D103: =G91 -> 2203 | E103: 89 | F103: 74 | G103: =IFERROR(D103+E103-F103,"") -> 2218
...

Sheet Apr 2026
A1: PRECIOUS MINERALS
A5: DAILY PRODUCTION AND DISPATCH REGISTER — APRIL 2026
A6: Date | B6: Day | C6: Product | D6: Opening stock (in bags) | E6: Production (in bags) | F6: Sales (in bags) | G6: Closing stock (auto)
A7: 46113 | B7: Wed | C7: 14/30# | D7: ='Mar 2026'!G367 -> 2759 | E7: 94 | F7: 61 | G7: =IFERROR(D7+E7-F7,"") -> 2792
C8: 16/30# | D8: ='Mar 2026'!G368 -> 2010 | E8: 117 | F8: 89 | G8: =IFERROR(D8+E8-F8,"") -> 2038
C9: 24/60# | D9: ='Mar 2026'!G369 -> 3174 | E9: 121 | F9: 79 | G9: =IFERROR(D9+E9-F9,"") -> 3216
C10: 30/80# | D10: ='Mar 2026'!G370 -> 1507 | E10: 68 | F10: 62 | G10: =IFERROR(D10+E10-F10,"") -> 1513
C11: 50/150# | D11: ='Mar 2026'!G371 -> 3148 | E11: 113 | F11: 91 | G11: =IFERROR(D11+E11-F11,"") -> 3170
C12: -100# | D12: ='Mar 2026'!G372 -> 1798 | E12: 97 | F12: 82 | G12: =IFERROR(D12+E12-F12,"") -> 1813
C13: 5mm | D13: ='Mar 2026'!G373 -> 1897 | E13: 86 | F13: 79 | G13: =IFERROR(D13+E13-F13,"") -> 1904
C14: 1mm | D14: ='Mar 2026'!G374 -> 2211 | E14: 92 | F14: 61 | G14: =IFERROR(D14+E14-F14,"") -> 2242
C15: 2mm | D15: ='Mar 2026'!G375 -> 2741 | E15: 88 | F15: 58 | G15: =IFERROR(D15+E15-F15,"") -> 2771
C16: 3mm | D16: ='Mar 2026'!G376 -> 1076 | E16: 68 | F16: 56 | G16: =IFERROR(D16+E16-F16,"") -> 1088
C17: Dust/150# | D17: ='Mar 2026'!G377 -> 3400 | E17: 159 | F17: 97 | G17: =IFERROR(D17+E17-F17,"") -> 3462
A18: Total — 01 Apr 2026 | D18: =IFERROR(SUM(D7:D17),"") -> 25721 | E18: =IFERROR(SUM(E7:E17),"") -> 1103 | F18: =IFERROR(SUM(F7:F17),"") -> 815 | G18: =IFERROR(SUM(G7:G17),"") -> 26009
A19: 46114 | B19: Thu | C19: 14/30# | D19: =G7 -> 2792 | E19: 80 | F19: 57 | G19: =IFERROR(D19+E19-F19,"") -> 2815
C20: 16/30# | D20: =G8 -> 2038 | E20: 114 | F20: 92 | G20: =IFERROR(D20+E20-F20,"") -> 2060
C21: 24/60# | D21: =G9 -> 3216 | E21: 133 | F21: 87 | G21: =IFERROR(D21+E21-F21,"") -> 3262
C22: 30/80# | D22: =G10 -> 1513 | E22: 69 | F22: 54 | G22: =IFERROR(D22+E22-F22,"") -> 1528
C23: 50/150# | D23: =G11 -> 3170 | E23: 143 | F23: 91 | G23: =IFERROR(D23+E23-F23,"") -> 3222
C24: -100# | D24: =G12 -> 1813 | E24: 55 | F24: 43 | G24: =IFERROR(D24+E24-F24,"") -> 1825
C25: 5mm | D25: =G13 -> 1904 | E25: 87 | F25: 73 | G25: =IFERROR(D25+E25-F25,"") -> 1918
C26: 1mm | D26: =G14 -> 2242 | E26: 119 | F26: 89 | G26: =IFERROR(D26+E26-F26,"") -> 2272
C27: 2mm | D27: =G15 -> 2771 | E27: 118 | F27: 76 | G27: =IFERROR(D27+E27-F27,"") -> 2813
C28: 3mm | D28: =G16 -> 1088 | E28: 101 | F28: 92 | G28: =IFERROR(D28+E28-F28,"") -> 1097
C29: Dust/150# | D29: =G17 -> 3462 | E29: 163 | F29: 106 | G29: =IFERROR(D29+E29-F29,"") -> 3519
A30: Total — 02 Apr 2026 | D30: =IFERROR(SUM(D19:D29),"") -> 26009 | E30: =IFERROR(SUM(E19:E29),"") -> 1182 | F30: =IFERROR(SUM(F19:F29),"") -> 860 | G30: =IFERROR(SUM(G19:G29),"") -> 26331
A31: 46115 | B31: Fri | C31: 14/30# | D31: =G19 -> 2815 | E31: 88 | F31: 58 | G31: =IFERROR(D31+E31-F31,"") -> 2845
C32: 16/30# | D32: =G20 -> 2060 | E32: 112 | F32: 85 | G32: =IFERROR(D32+E32-F32,"") -> 2087
C33: 24/60# | D33: =G21 -> 3262 | E33: 127 | F33: 78 | G33: =IFERROR(D33+E33-F33,"") -> 3311
C34: 30/80# | D34: =G22 -> 1528 | E34: 114 | F34: 92 | G34: =IFERROR(D34+E34-F34,"") -> 1550
C35: 50/150# | D35: =G23 -> 3222 | E35: 112 | F35: 81 | G35: =IFERROR(D35+E35-F35,"") -> 3253
C36: -100# | D36: =G24 -> 1825 | E36: 67 | F36: 52 | G36: =IFERROR(D36+E36-F36,"") -> 1840
C37: 5mm | D37: =G25 -> 1918 | E37: 121 | F37: 92 | G37: =IFERROR(D37+E37-F37,"") -> 1947
C38: 1mm | D38: =G26 -> 2272 | E38: 88 | F38: 69 | G38: =IFERROR(D38+E38-F38,"") -> 2291
C39: 2mm | D39: =G27 -> 2813 | E39: 111 | F39: 92 | G39: =IFERROR(D39+E39-F39,"") -> 2832
C40: 3mm | D40: =G28 -> 1097 | E40: 72 | F40: 67 | G40: =IFERROR(D40+E40-F40,"") -> 1102
C41: Dust/150# | D41: =G29 -> 3519 | E41: 104 | F41: 82 | G41: =IFERROR(D41+E41-F41,"") -> 3541
A42: Total — 03 Apr 2026 | D42: =IFERROR(SUM(D31:D41),"") -> 26331 | E42: =IFERROR(SUM(E31:E41),"") -> 1116 | F42: =IFERROR(SUM(F31:F41),"") -> 848 | G42: =IFERROR(SUM(G31:G41),"") -> 26599
A43: 46116 | B43: Sat | C43: 14/30# | D43: =G31 -> 2845 | E43: 67 | F43: 46 | G43: =IFERROR(D43+E43-F43,"") -> 2866
C44: 16/30# | D44: =G32 -> 2087 | E44: 48 | F44: 33 | G44: =IFERROR(D44+E44-F44,"") -> 2102
C45: 24/60# | D45: =G33 -> 3311 | E45: 50 | F45: 30 | G45: =IFERROR(D45+E45-F45,"") -> 3331
C46: 30/80# | D46: =G34 -> 1550 | E46: 44 | F46: 39 | G46: =IFERROR(D46+E46-F46,"") -> 1555
C47: 50/150# | D47: =G35 -> 3253 | E47: 57 | F47: 36 | G47: =IFERROR(D47+E47-F47,"") -> 3274
C48: -100# | D48: =G36 -> 1840 | E48: 33 | F48: 27 | G48: =IFERROR(D48+E48-F48,"") -> 1846
C49: 5mm | D49: =G37 -> 1947 | E49: 43 | F49: 37 | G49: =IFERROR(D49+E49-F49,"") -> 1953
C50: 1mm | D50: =G38 -> 2291 | E50: 51 | F50: 43 | G50: =IFERROR(D50+E50-F50,"") -> 2299
C51: 2mm | D51: =G39 -> 2832 | E51: 63 | F51: 42 | G51: =IFERROR(D51+E51-F51,"") -> 2853
C52: 3mm | D52: =G40 -> 1102 | E52: 30 | F52: 24 | G52: =IFERROR(D52+E52-F52,"") -> 1108
C53: Dust/150# | D53: =G41 -> 3541 | E53: 53 | F53: 40 | G53: =IFERROR(D53+E53-F53,"") -> 3554
A54: Total — 04 Apr 2026 | D54: =IFERROR(SUM(D43:D53),"") -> 26599 | E54: =IFERROR(SUM(E43:E53),"") -> 539 | F54: =IFERROR(SUM(F43:F53),"") -> 397 | G54: =IFERROR(SUM(G43:G53),"") -> 26741
A55: 46117 | B55: Sun | C55: 14/30# | D55: =G43 -> 2866 | E55: 64 | F55: 48 | G55: =IFERROR(D55+E55-F55,"") -> 2882
C56: 16/30# | D56: =G44 -> 2102 | E56: 33 | F56: 29 | G56: =IFERROR(D56+E56-F56,"") -> 2106
C57: 24/60# | D57: =G45 -> 3331 | E57: 39 | F57: 24 | G57: =IFERROR(D57+E57-F57,"") -> 3346
C58: 30/80# | D58: =G46 -> 1555 | E58: 33 | F58: 26 | G58: =IFERROR(D58+E58-F58,"") -> 1562
C59: 50/150# | D59: =G47 -> 3274 | E59: 90 | F59: 68 | G59: =IFERROR(D59+E59-F59,"") -> 3296
C60: -100# | D60: =G48 -> 1846 | E60: 24 | F60: 19 | G60: =IFERROR(D60+E60-F60,"") -> 1851
C61: 5mm | D61: =G49 -> 1953 | E61: 54 | F61: 47 | G61: =IFERROR(D61+E61-F61,"") -> 1960
C62: 1mm | D62: =G50 -> 2299 | E62: 55 | F62: 44 | G62: =IFERROR(D62+E62-F62,"") -> 2310
C63: 2mm | D63: =G51 -> 2853 | E63: 50 | F63: 40 | G63: =IFERROR(D63+E63-F63,"") -> 2863
C64: 3mm | D64: =G52 -> 1108 | E64: 49 | F64: 38 | G64: =IFERROR(D64+E64-F64,"") -> 1119
C65: Dust/150# | D65: =G53 -> 3554 | E65: 81 | F65: 52 | G65: =IFERROR(D65+E65-F65,"") -> 3583
A66: Total — 05 Apr 2026 | D66: =IFERROR(SUM(D55:D65),"") -> 26741 | E66: =IFERROR(SUM(E55:E65),"") -> 572 | F66: =IFERROR(SUM(F55:F65),"") -> 435 | G66: =IFERROR(SUM(G55:G65),"") -> 26878
A67: 46118 | B67: Mon | C67: 14/30# | D67: =G55 -> 2882 | E67: 100 | F67: 79 | G67: =IFERROR(D67+E67-F67,"") -> 2903
C68: 16/30# | D68: =G56 -> 2106 | E68: 70 | F68: 60 | G68: =IFERROR(D68+E68-F68,"") -> 2116
C69: 24/60# | D69: =G57 -> 3346 | E69: 123 | F69: 89 | G69: =IFERROR(D69+E69-F69,"") -> 3380
C70: 30/80# | D70: =G58 -> 1562 | E70: 108 | F70: 86 | G70: =IFERROR(D70+E70-F70,"") -> 1584
C71: 50/150# | D71: =G59 -> 3296 | E71: 164 | F71: 107 | G71: =IFERROR(D71+E71-F71,"") -> 3353
C72: -100# | D72: =G60 -> 1851 | E72: 105 | F72: 91 | G72: =IFERROR(D72+E72-F72,"") -> 1865
C73: 5mm | D73: =G61 -> 1960 | E73: 113 | F73: 101 | G73: =IFERROR(D73+E73-F73,"") -> 1972
C74: 1mm | D74: =G62 -> 2310 | E74: 97 | F74: 83 | G74: =IFERROR(D74+E74-F74,"") -> 2324
C75: 2mm | D75: =G63 -> 2863 | E75: 110 | F75: 74 | G75: =IFERROR(D75+E75-F75,"") -> 2899
C76: 3mm | D76: =G64 -> 1119 | E76: 78 | F76: 65 | G76: =IFERROR(D76+E76-F76,"") -> 1132
C77: Dust/150# | D77: =G65 -> 3583 | E77: 164 | F77: 100 | G77: =IFERROR(D77+E77-F77,"") -> 3647
A78: Total — 06 Apr 2026 | D78: =IFERROR(SUM(D67:D77),"") -> 26878 | E78: =IFERROR(SUM(E67:E77),"") -> 1232 | F78: =IFERROR(SUM(F67:F77),"") -> 935 | G78: =IFERROR(SUM(G67:G77),"") -> 27175
A79: 46119 | B79: Tue | C79: 14/30# | D79: =G67 -> 2903 | E79: 110 | F79: 89 | G79: =IFERROR(D79+E79-F79,"") -> 2924
C80: 16/30# | D80: =G68 -> 2116 | E80: 130 | F80: 93 | G80: =IFERROR(D80+E80-F80,"") -> 2153
C81: 24/60# | D81: =G69 -> 3380 | E81: 100 | F81: 75 | G81: =IFERROR(D81+E81-F81,"") -> 3405
C82: 30/80# | D82: =G70 -> 1584 | E82: 112 | F82: 86 | G82: =IFERROR(D82+E82-F82,"") -> 1610
C83: 50/150# | D83: =G71 -> 3353 | E83: 168 | F83: 112 | G83: =IFERROR(D83+E83-F83,"") -> 3409
C84: -100# | D84: =G72 -> 1865 | E84: 58 | F84: 49 | G84: =IFERROR(D84+E84-F84,"") -> 1874
C85: 5mm | D85: =G73 -> 1972 | E85: 135 | F85: 114 | G85: =IFERROR(D85+E85-F85,"") -> 1993
C86: 1mm | D86: =G74 -> 2324 | E86: 75 | F86: 57 | G86: =IFERROR(D86+E86-F86,"") -> 2342
C87: 2mm | D87: =G75 -> 2899 | E87: 152 | F87: 124 | G87: =IFERROR(D87+E87-F87,"") -> 2927
C88: 3mm | D88: =G76 -> 1132 | E88: 93 | F88: 85 | G88: =IFERROR(D88+E88-F88,"") -> 1140
C89: Dust/150# | D89: =G77 -> 3647 | E89: 122 | F89: 91 | G89: =IFERROR(D89+E89-F89,"") -> 3678
A90: Total — 07 Apr 2026 | D90: =IFERROR(SUM(D79:D89),"") -> 27175 | E90: =IFERROR(SUM(E79:E89),"") -> 1255 | F90: =IFERROR(SUM(F79:F89),"") -> 975 | G90: =IFERROR(SUM(G79:G89),"") -> 27455
A91: 46120 | B91: Wed | C91: 14/30# | D91: =G79 -> 2924 | E91: 146 | F91: 108 | G91: =IFERROR(D91+E91-F91,"") -> 2962
C92: 16/30# | D92: =G80 -> 2153 | E92: 77 | F92: 60 | G92: =IFERROR(D92+E92-F92,"") -> 2170
C93: 24/60# | D93: =G81 -> 3405 | E93: 118 | F93: 72 | G93: =IFERROR(D93+E93-F93,"") -> 3451
C94: 30/80# | D94: =G82 -> 1610 | E94: 81 | F94: 60 | G94: =IFERROR(D94+E94-F94,"") -> 1631
C95: 50/150# | D95: =G83 -> 3409 | E95: 175 | F95: 143 | G95: =IFERROR(D95+E95-F95,"") -> 3441
C96: -100# | D96: =G84 -> 1874 | E96: 64 | F96: 52 | G96: =IFERROR(D96+E96-F96,"") -> 1886
C97: 5mm | D97: =G85 -> 1993 | E97: 103 | F97: 74 | G97: =IFERROR(D97+E97-F97,"") -> 2022
C98: 1mm | D98: =G86 -> 2342 | E98: 69 | F98: 56 | G98: =IFERROR(D98+E98-F98,"") -> 2355
C99: 2mm | D99: =G87 -> 2927 | E99: 92 | F99: 65 | G99: =IFERROR(D99+E99-F99,"") -> 2954
C100: 3mm | D100: =G88 -> 1140 | E100: 59 | F100: 46 | G100: =IFERROR(D100+E100-F100,"") -> 1153
C101: Dust/150# | D101: =G89 -> 3678 | E101: 137 | F101: 85 | G101: =IFERROR(D101+E101-F101,"") -> 3730
A102: Total — 08 Apr 2026 | D102: =IFERROR(SUM(D91:D101),"") -> 27455 | E102: =IFERROR(SUM(E91:E101),"") -> 1121 | F102: =IFERROR(SUM(F91:F101),"") -> 821 | G102: =IFERROR(SUM(G91:G101),"") -> 27755
A103: 46121 | B103: Thu | C103: 14/30# | D103: =G91 -> 2962 | E103: 140 | F103: 98 | G103: =IFERROR(D103+E103-F103,"") -> 3004
...

Sheet May 2026
A1: PRECIOUS MINERALS
A5: DAILY PRODUCTION AND DISPATCH REGISTER — MAY 2026
A6: Date | B6: Day | C6: Product | D6: Opening stock (in bags) | E6: Production (in bags) | F6: Sales (in bags) | G6: Closing stock (auto)
A7: 46143 | B7: Fri | C7: 14/30# | D7: ='Apr 2026'!G355 -> 3580 | E7: 87 | F7: 59 | G7: =IFERROR(D7+E7-F7,"") -> 3608
C8: 16/30# | D8: ='Apr 2026'!G356 -> 2608 | E8: 130 | F8: 115 | G8: =IFERROR(D8+E8-F8,"") -> 2623
C9: 24/60# | D9: ='Apr 2026'!G357 -> 4119 | E9: 116 | F9: 89 | G9: =IFERROR(D9+E9-F9,"") -> 4146
C10: 30/80# | D10: ='Apr 2026'!G358 -> 1845 | E10: 73 | F10: 62 | G10: =IFERROR(D10+E10-F10,"") -> 1856
C11: 50/150# | D11: ='Apr 2026'!G359 -> 4218 | E11: 110 | F11: 73 | G11: =IFERROR(D11+E11-F11,"") -> 4255
C12: -100# | D12: ='Apr 2026'!G360 -> 2222 | E12: 65 | F12: 46 | G12: =IFERROR(D12+E12-F12,"") -> 2241
C13: 5mm | D13: ='Apr 2026'!G361 -> 2404 | E13: 84 | F13: 65 | G13: =IFERROR(D13+E13-F13,"") -> 2423
C14: 1mm | D14: ='Apr 2026'!G362 -> 2778 | E14: 65 | F14: 48 | G14: =IFERROR(D14+E14-F14,"") -> 2795
C15: 2mm | D15: ='Apr 2026'!G363 -> 3535 | E15: 142 | F15: 112 | G15: =IFERROR(D15+E15-F15,"") -> 3565
C16: 3mm | D16: ='Apr 2026'!G364 -> 1348 | E16: 93 | F16: 87 | G16: =IFERROR(D16+E16-F16,"") -> 1354
C17: Dust/150# | D17: ='Apr 2026'!G365 -> 4514 | E17: 132 | F17: 81 | G17: =IFERROR(D17+E17-F17,"") -> 4565
A18: Total — 01 May 2026 | D18: =IFERROR(SUM(D7:D17),"") -> 33171 | E18: =IFERROR(SUM(E7:E17),"") -> 1097 | F18: =IFERROR(SUM(F7:F17),"") -> 837 | G18: =IFERROR(SUM(G7:G17),"") -> 33431
A19: 46144 | B19: Sat | C19: 14/30# | D19: =G7 -> 3608 | E19: 48 | F19: 40 | G19: =IFERROR(D19+E19-F19,"") -> 3616
C20: 16/30# | D20: =G8 -> 2623 | E20: 40 | F20: 34 | G20: =IFERROR(D20+E20-F20,"") -> 2629
C21: 24/60# | D21: =G9 -> 4146 | E21: 43 | F21: 33 | G21: =IFERROR(D21+E21-F21,"") -> 4156
C22: 30/80# | D22: =G10 -> 1856 | E22: 38 | F22: 30 | G22: =IFERROR(D22+E22-F22,"") -> 1864
C23: 50/150# | D23: =G11 -> 4255 | E23: 57 | F23: 37 | G23: =IFERROR(D23+E23-F23,"") -> 4275
C24: -100# | D24: =G12 -> 2241 | E24: 24 | F24: 16 | G24: =IFERROR(D24+E24-F24,"") -> 2249
C25: 5mm | D25: =G13 -> 2423 | E25: 40 | F25: 32 | G25: =IFERROR(D25+E25-F25,"") -> 2431
C26: 1mm | D26: =G14 -> 2795 | E26: 62 | F26: 44 | G26: =IFERROR(D26+E26-F26,"") -> 2813
C27: 2mm | D27: =G15 -> 3565 | E27: 62 | F27: 40 | G27: =IFERROR(D27+E27-F27,"") -> 3587
C28: 3mm | D28: =G16 -> 1354 | E28: 36 | F28: 32 | G28: =IFERROR(D28+E28-F28,"") -> 1358
C29: Dust/150# | D29: =G17 -> 4565 | E29: 82 | F29: 62 | G29: =IFERROR(D29+E29-F29,"") -> 4585
A30: Total — 02 May 2026 | D30: =IFERROR(SUM(D19:D29),"") -> 33431 | E30: =IFERROR(SUM(E19:E29),"") -> 532 | F30: =IFERROR(SUM(F19:F29),"") -> 400 | G30: =IFERROR(SUM(G19:G29),"") -> 33563
A31: 46145 | B31: Sun | C31: 14/30# | D31: =G19 -> 3616 | E31: 59 | F31: 49 | G31: =IFERROR(D31+E31-F31,"") -> 3626
C32: 16/30# | D32: =G20 -> 2629 | E32: 48 | F32: 42 | G32: =IFERROR(D32+E32-F32,"") -> 2635
C33: 24/60# | D33: =G21 -> 4156 | E33: 52 | F33: 31 | G33: =IFERROR(D33+E33-F33,"") -> 4177
C34: 30/80# | D34: =G22 -> 1864 | E34: 29 | F34: 22 | G34: =IFERROR(D34+E34-F34,"") -> 1871
C35: 50/150# | D35: =G23 -> 4275 | E35: 83 | F35: 51 | G35: =IFERROR(D35+E35-F35,"") -> 4307
C36: -100# | D36: =G24 -> 2249 | E36: 37 | F36: 25 | G36: =IFERROR(D36+E36-F36,"") -> 2261
C37: 5mm | D37: =G25 -> 2431 | E37: 41 | F37: 36 | G37: =IFERROR(D37+E37-F37,"") -> 2436
C38: 1mm | D38: =G26 -> 2813 | E38: 59 | F38: 48 | G38: =IFERROR(D38+E38-F38,"") -> 2824
C39: 2mm | D39: =G27 -> 3587 | E39: 62 | F39: 43 | G39: =IFERROR(D39+E39-F39,"") -> 3606
C40: 3mm | D40: =G28 -> 1358 | E40: 27 | F40: 25 | G40: =IFERROR(D40+E40-F40,"") -> 1360
C41: Dust/150# | D41: =G29 -> 4585 | E41: 65 | F41: 49 | G41: =IFERROR(D41+E41-F41,"") -> 4601
A42: Total — 03 May 2026 | D42: =IFERROR(SUM(D31:D41),"") -> 33563 | E42: =IFERROR(SUM(E31:E41),"") -> 562 | F42: =IFERROR(SUM(F31:F41),"") -> 421 | G42: =IFERROR(SUM(G31:G41),"") -> 33704
A43: 46146 | B43: Mon | C43: 14/30# | D43: =G31 -> 3626 | E43: 93 | F43: 65 | G43: =IFERROR(D43+E43-F43,"") -> 3654
C44: 16/30# | D44: =G32 -> 2635 | E44: 91 | F44: 76 | G44: =IFERROR(D44+E44-F44,"") -> 2650
C45: 24/60# | D45: =G33 -> 4177 | E45: 153 | F45: 109 | G45: =IFERROR(D45+E45-F45,"") -> 4221
C46: 30/80# | D46: =G34 -> 1871 | E46: 102 | F46: 88 | G46: =IFERROR(D46+E46-F46,"") -> 1885
C47: 50/150# | D47: =G35 -> 4307 | E47: 170 | F47: 107 | G47: =IFERROR(D47+E47-F47,"") -> 4370
C48: -100# | D48: =G36 -> 2261 | E48: 79 | F48: 55 | G48: =IFERROR(D48+E48-F48,"") -> 2285
C49: 5mm | D49: =G37 -> 2436 | E49: 115 | F49: 90 | G49: =IFERROR(D49+E49-F49,"") -> 2461
C50: 1mm | D50: =G38 -> 2824 | E50: 85 | F50: 59 | G50: =IFERROR(D50+E50-F50,"") -> 2850
C51: 2mm | D51: =G39 -> 3606 | E51: 136 | F51: 114 | G51: =IFERROR(D51+E51-F51,"") -> 3628
C52: 3mm | D52: =G40 -> 1360 | E52: 87 | F52: 67 | G52: =IFERROR(D52+E52-F52,"") -> 1380
C53: Dust/150# | D53: =G41 -> 4601 | E53: 164 | F53: 129 | G53: =IFERROR(D53+E53-F53,"") -> 4636
A54: Total — 04 May 2026 | D54: =IFERROR(SUM(D43:D53),"") -> 33704 | E54: =IFERROR(SUM(E43:E53),"") -> 1275 | F54: =IFERROR(SUM(F43:F53),"") -> 959 | G54: =IFERROR(SUM(G43:G53),"") -> 34020
A55: 46147 | B55: Tue | C55: 14/30# | D55: =G43 -> 3654 | E55: 86 | F55: 61 | G55: =IFERROR(D55+E55-F55,"") -> 3679
C56: 16/30# | D56: =G44 -> 2650 | E56: 87 | F56: 77 | G56: =IFERROR(D56+E56-F56,"") -> 2660
C57: 24/60# | D57: =G45 -> 4221 | E57: 106 | F57: 72 | G57: =IFERROR(D57+E57-F57,"") -> 4255
C58: 30/80# | D58: =G46 -> 1885 | E58: 88 | F58: 81 | G58: =IFERROR(D58+E58-F58,"") -> 1892
C59: 50/150# | D59: =G47 -> 4370 | E59: 115 | F59: 71 | G59: =IFERROR(D59+E59-F59,"") -> 4414
C60: -100# | D60: =G48 -> 2285 | E60: 90 | F60: 68 | G60: =IFERROR(D60+E60-F60,"") -> 2307
C61: 5mm | D61: =G49 -> 2461 | E61: 95 | F61: 77 | G61: =IFERROR(D61+E61-F61,"") -> 2479
C62: 1mm | D62: =G50 -> 2850 | E62: 100 | F62: 66 | G62: =IFERROR(D62+E62-F62,"") -> 2884
C63: 2mm | D63: =G51 -> 3628 | E63: 155 | F63: 125 | G63: =IFERROR(D63+E63-F63,"") -> 3658
C64: 3mm | D64: =G52 -> 1380 | E64: 60 | F64: 49 | G64: =IFERROR(D64+E64-F64,"") -> 1391
C65: Dust/150# | D65: =G53 -> 4636 | E65: 109 | F65: 80 | G65: =IFERROR(D65+E65-F65,"") -> 4665
A66: Total — 05 May 2026 | D66: =IFERROR(SUM(D55:D65),"") -> 34020 | E66: =IFERROR(SUM(E55:E65),"") -> 1091 | F66: =IFERROR(SUM(F55:F65),"") -> 827 | G66: =IFERROR(SUM(G55:G65),"") -> 34284
A67: 46148 | B67: Wed | C67: 14/30# | D67: =G55 -> 3679 | E67: 133 | F67: 112 | G67: =IFERROR(D67+E67-F67,"") -> 3700
C68: 16/30# | D68: =G56 -> 2660 | E68: 100 | F68: 85 | G68: =IFERROR(D68+E68-F68,"") -> 2675
C69: 24/60# | D69: =G57 -> 4255 | E69: 121 | F69: 86 | G69: =IFERROR(D69+E69-F69,"") -> 4290
C70: 30/80# | D70: =G58 -> 1892 | E70: 95 | F70: 75 | G70: =IFERROR(D70+E70-F70,"") -> 1912
C71: 50/150# | D71: =G59 -> 4414 | E71: 149 | F71: 98 | G71: =IFERROR(D71+E71-F71,"") -> 4465
C72: -100# | D72: =G60 -> 2307 | E72: 108 | F72: 92 | G72: =IFERROR(D72+E72-F72,"") -> 2323
C73: 5mm | D73: =G61 -> 2479 | E73: 140 | F73: 123 | G73: =IFERROR(D73+E73-F73,"") -> 2496
C74: 1mm | D74: =G62 -> 2884 | E74: 121 | F74: 83 | G74: =IFERROR(D74+E74-F74,"") -> 2922
C75: 2mm | D75: =G63 -> 3658 | E75: 93 | F75: 67 | G75: =IFERROR(D75+E75-F75,"") -> 3684
C76: 3mm | D76: =G64 -> 1391 | E76: 104 | F76: 94 | G76: =IFERROR(D76+E76-F76,"") -> 1401
C77: Dust/150# | D77: =G65 -> 4665 | E77: 138 | F77: 109 | G77: =IFERROR(D77+E77-F77,"") -> 4694
A78: Total — 06 May 2026 | D78: =IFERROR(SUM(D67:D77),"") -> 34284 | E78: =IFERROR(SUM(E67:E77),"") -> 1302 | F78: =IFERROR(SUM(F67:F77),"") -> 1024 | G78: =IFERROR(SUM(G67:G77),"") -> 34562
A79: 46149 | B79: Thu | C79: 14/30# | D79: =G67 -> 3700 | E79: 99 | F79: 78 | G79: =IFERROR(D79+E79-F79,"") -> 3721
C80: 16/30# | D80: =G68 -> 2675 | E80: 104 | F80: 87 | G80: =IFERROR(D80+E80-F80,"") -> 2692
C81: 24/60# | D81: =G69 -> 4290 | E81: 134 | F81: 90 | G81: =IFERROR(D81+E81-F81,"") -> 4334
C82: 30/80# | D82: =G70 -> 1912 | E82: 95 | F82: 88 | G82: =IFERROR(D82+E82-F82,"") -> 1919
C83: 50/150# | D83: =G71 -> 4465 | E83: 148 | F83: 105 | G83: =IFERROR(D83+E83-F83,"") -> 4508
C84: -100# | D84: =G72 -> 2323 | E84: 109 | F84: 84 | G84: =IFERROR(D84+E84-F84,"") -> 2348
C85: 5mm | D85: =G73 -> 2496 | E85: 99 | F85: 78 | G85: =IFERROR(D85+E85-F85,"") -> 2517
C86: 1mm | D86: =G74 -> 2922 | E86: 101 | F86: 78 | G86: =IFERROR(D86+E86-F86,"") -> 2945
C87: 2mm | D87: =G75 -> 3684 | E87: 114 | F87: 85 | G87: =IFERROR(D87+E87-F87,"") -> 3713
C88: 3mm | D88: =G76 -> 1401 | E88: 57 | F88: 49 | G88: =IFERROR(D88+E88-F88,"") -> 1409
C89: Dust/150# | D89: =G77 -> 4694 | E89: 155 | F89: 118 | G89: =IFERROR(D89+E89-F89,"") -> 4731
A90: Total — 07 May 2026 | D90: =IFERROR(SUM(D79:D89),"") -> 34562 | E90: =IFERROR(SUM(E79:E89),"") -> 1215 | F90: =IFERROR(SUM(F79:F89),"") -> 940 | G90: =IFERROR(SUM(G79:G89),"") -> 34837
A91: 46150 | B91: Fri | C91: 14/30# | D91: =G79 -> 3721 | E91: 122 | F91: 82 | G91: =IFERROR(D91+E91-F91,"") -> 3761
C92: 16/30# | D92: =G80 -> 2692 | E92: 125 | F92: 101 | G92: =IFERROR(D92+E92-F92,"") -> 2716
C93: 24/60# | D93: =G81 -> 4334 | E93: 102 | F93: 77 | G93: =IFERROR(D93+E93-F93,"") -> 4359
C94: 30/80# | D94: =G82 -> 1919 | E94: 118 | F94: 102 | G94: =IFERROR(D94+E94-F94,"") -> 1935
C95: 50/150# | D95: =G83 -> 4508 | E95: 101 | F95: 66 | G95: =IFERROR(D95+E95-F95,"") -> 4543
C96: -100# | D96: =G84 -> 2348 | E96: 76 | F96: 55 | G96: =IFERROR(D96+E96-F96,"") -> 2369
C97: 5mm | D97: =G85 -> 2517 | E97: 84 | F97: 75 | G97: =IFERROR(D97+E97-F97,"") -> 2526
C98: 1mm | D98: =G86 -> 2945 | E98: 115 | F98: 83 | G98: =IFERROR(D98+E98-F98,"") -> 2977
C99: 2mm | D99: =G87 -> 3713 | E99: 128 | F99: 100 | G99: =IFERROR(D99+E99-F99,"") -> 3741
C100: 3mm | D100: =G88 -> 1409 | E100: 99 | F100: 89 | G100: =IFERROR(D100+E100-F100,"") -> 1419
C101: Dust/150# | D101: =G89 -> 4731 | E101: 105 | F101: 74 | G101: =IFERROR(D101+E101-F101,"") -> 4762
A102: Total — 08 May 2026 | D102: =IFERROR(SUM(D91:D101),"") -> 34837 | E102: =IFERROR(SUM(E91:E101),"") -> 1175 | F102: =IFERROR(SUM(F91:F101),"") -> 904 | G102: =IFERROR(SUM(G91:G101),"") -> 35108
A103: 46151 | B103: Sat | C103: 14/30# | D103: =G91 -> 3761 | E103: 72 | F103: 55 | G103: =IFERROR(D103+E103-F103,"") -> 3778
...

Sheet Jun 2026
A1: PRECIOUS MINERALS
A5: DAILY PRODUCTION AND DISPATCH REGISTER — JUNE 2026
A6: Date | B6: Day | C6: Product | D6: Opening stock (in bags) | E6: Production (in bags) | F6: Sales (in bags) | G6: Closing stock (auto)
A7: 46174 | B7: Mon | C7: 14/30# | D7: ='May 2026'!G367 -> 4322 | E7: 110 | F7: 83 | G7: =IFERROR(D7+E7-F7,"") -> 4349
C8: 16/30# | D8: ='May 2026'!G368 -> 3122 | E8: 75 | F8: 63 | G8: =IFERROR(D8+E8-F8,"") -> 3134
C9: 24/60# | D9: ='May 2026'!G369 -> 5094 | E9: 118 | F9: 70 | G9: =IFERROR(D9+E9-F9,"") -> 5142
C10: 30/80# | D10: ='May 2026'!G370 -> 2168 | E10: 80 | F10: 63 | G10: =IFERROR(D10+E10-F10,"") -> 2185
C11: 50/150# | D11: ='May 2026'!G371 -> 5259 | E11: 142 | F11: 113 | G11: =IFERROR(D11+E11-F11,"") -> 5288
C12: -100# | D12: ='May 2026'!G372 -> 2708 | E12: 59 | F12: 42 | G12: =IFERROR(D12+E12-F12,"") -> 2725
C13: 5mm | D13: ='May 2026'!G373 -> 2909 | E13: 79 | F13: 65 | G13: =IFERROR(D13+E13-F13,"") -> 2923
C14: 1mm | D14: ='May 2026'!G374 -> 3386 | E14: 123 | F14: 96 | G14: =IFERROR(D14+E14-F14,"") -> 3413
C15: 2mm | D15: ='May 2026'!G375 -> 4369 | E15: 102 | F15: 80 | G15: =IFERROR(D15+E15-F15,"") -> 4391
C16: 3mm | D16: ='May 2026'!G376 -> 1617 | E16: 83 | F16: 64 | G16: =IFERROR(D16+E16-F16,"") -> 1636
C17: Dust/150# | D17: ='May 2026'!G377 -> 5454 | E17: 105 | F17: 64 | G17: =IFERROR(D17+E17-F17,"") -> 5495
A18: Total — 01 Jun 2026 | D18: =IFERROR(SUM(D7:D17),"") -> 40408 | E18: =IFERROR(SUM(E7:E17),"") -> 1076 | F18: =IFERROR(SUM(F7:F17),"") -> 803 | G18: =IFERROR(SUM(G7:G17),"") -> 40681
A19: 46175 | B19: Tue | C19: 14/30# | D19: =G7 -> 4349 | E19: 94 | F19: 70 | G19: =IFERROR(D19+E19-F19,"") -> 4373
C20: 16/30# | D20: =G8 -> 3134 | E20: 85 | F20: 68 | G20: =IFERROR(D20+E20-F20,"") -> 3151
C21: 24/60# | D21: =G9 -> 5142 | E21: 105 | F21: 64 | G21: =IFERROR(D21+E21-F21,"") -> 5183
C22: 30/80# | D22: =G10 -> 2185 | E22: 75 | F22: 69 | G22: =IFERROR(D22+E22-F22,"") -> 2191
C23: 50/150# | D23: =G11 -> 5288 | E23: 179 | F23: 139 | G23: =IFERROR(D23+E23-F23,"") -> 5328
C24: -100# | D24: =G12 -> 2725 | E24: 54 | F24: 37 | G24: =IFERROR(D24+E24-F24,"") -> 2742
C25: 5mm | D25: =G13 -> 2923 | E25: 138 | F25: 118 | G25: =IFERROR(D25+E25-F25,"") -> 2943
C26: 1mm | D26: =G14 -> 3413 | E26: 99 | F26: 65 | G26: =IFERROR(D26+E26-F26,"") -> 3447
C27: 2mm | D27: =G15 -> 4391 | E27: 150 | F27: 114 | G27: =IFERROR(D27+E27-F27,"") -> 4427
C28: 3mm | D28: =G16 -> 1636 | E28: 70 | F28: 65 | G28: =IFERROR(D28+E28-F28,"") -> 1641
C29: Dust/150# | D29: =G17 -> 5495 | E29: 113 | F29: 77 | G29: =IFERROR(D29+E29-F29,"") -> 5531
A30: Total — 02 Jun 2026 | D30: =IFERROR(SUM(D19:D29),"") -> 40681 | E30: =IFERROR(SUM(E19:E29),"") -> 1162 | F30: =IFERROR(SUM(F19:F29),"") -> 886 | G30: =IFERROR(SUM(G19:G29),"") -> 40957
A31: 46176 | B31: Wed | C31: 14/30# | D31: =G19 -> 4373 | E31: 90 | F31: 74 | G31: =IFERROR(D31+E31-F31,"") -> 4389
C32: 16/30# | D32: =G20 -> 3151 | E32: 93 | F32: 67 | G32: =IFERROR(D32+E32-F32,"") -> 3177
C33: 24/60# | D33: =G21 -> 5183 | E33: 157 | F33: 95 | G33: =IFERROR(D33+E33-F33,"") -> 5245
C34: 30/80# | D34: =G22 -> 2191 | E34: 84 | F34: 78 | G34: =IFERROR(D34+E34-F34,"") -> 2197
C35: 50/150# | D35: =G23 -> 5328 | E35: 105 | F35: 85 | G35: =IFERROR(D35+E35-F35,"") -> 5348
C36: -100# | D36: =G24 -> 2742 | E36: 74 | F36: 61 | G36: =IFERROR(D36+E36-F36,"") -> 2755
C37: 5mm | D37: =G25 -> 2943 | E37: 107 | F37: 77 | G37: =IFERROR(D37+E37-F37,"") -> 2973
C38: 1mm | D38: =G26 -> 3447 | E38: 87 | F38: 59 | G38: =IFERROR(D38+E38-F38,"") -> 3475
C39: 2mm | D39: =G27 -> 4427 | E39: 129 | F39: 89 | G39: =IFERROR(D39+E39-F39,"") -> 4467
C40: 3mm | D40: =G28 -> 1641 | E40: 101 | F40: 98 | G40: =IFERROR(D40+E40-F40,"") -> 1644
C41: Dust/150# | D41: =G29 -> 5531 | E41: 108 | F41: 83 | G41: =IFERROR(D41+E41-F41,"") -> 5556
A42: Total — 03 Jun 2026 | D42: =IFERROR(SUM(D31:D41),"") -> 40957 | E42: =IFERROR(SUM(E31:E41),"") -> 1135 | F42: =IFERROR(SUM(F31:F41),"") -> 866 | G42: =IFERROR(SUM(G31:G41),"") -> 41226
A43: 46177 | B43: Thu | C43: 14/30# | D43: =G31 -> 4389 | E43: 139 | F43: 112 | G43: =IFERROR(D43+E43-F43,"") -> 4416
C44: 16/30# | D44: =G32 -> 3177 | E44: 100 | F44: 90 | G44: =IFERROR(D44+E44-F44,"") -> 3187
C45: 24/60# | D45: =G33 -> 5245 | E45: 113 | F45: 71 | G45: =IFERROR(D45+E45-F45,"") -> 5287
C46: 30/80# | D46: =G34 -> 2197 | E46: 64 | F46: 59 | G46: =IFERROR(D46+E46-F46,"") -> 2202
C47: 50/150# | D47: =G35 -> 5348 | E47: 158 | F47: 99 | G47: =IFERROR(D47+E47-F47,"") -> 5407
C48: -100# | D48: =G36 -> 2755 | E48: 68 | F48: 49 | G48: =IFERROR(D48+E48-F48,"") -> 2774
C49: 5mm | D49: =G37 -> 2973 | E49: 80 | F49: 63 | G49: =IFERROR(D49+E49-F49,"") -> 2990
C50: 1mm | D50: =G38 -> 3475 | E50: 121 | F50: 80 | G50: =IFERROR(D50+E50-F50,"") -> 3516
C51: 2mm | D51: =G39 -> 4467 | E51: 125 | F51: 89 | G51: =IFERROR(D51+E51-F51,"") -> 4503
C52: 3mm | D52: =G40 -> 1644 | E52: 87 | F52: 79 | G52: =IFERROR(D52+E52-F52,"") -> 1652
C53: Dust/150# | D53: =G41 -> 5556 | E53: 164 | F53: 130 | G53: =IFERROR(D53+E53-F53,"") -> 5590
A54: Total — 04 Jun 2026 | D54: =IFERROR(SUM(D43:D53),"") -> 41226 | E54: =IFERROR(SUM(E43:E53),"") -> 1219 | F54: =IFERROR(SUM(F43:F53),"") -> 921 | G54: =IFERROR(SUM(G43:G53),"") -> 41524
A55: 46178 | B55: Fri | C55: 14/30# | D55: =G43 -> 4416 | E55: 95 | F55: 72 | G55: =IFERROR(D55+E55-F55,"") -> 4439
C56: 16/30# | D56: =G44 -> 3187 | E56: 97 | F56: 79 | G56: =IFERROR(D56+E56-F56,"") -> 3205
C57: 24/60# | D57: =G45 -> 5287 | E57: 146 | F57: 115 | G57: =IFERROR(D57+E57-F57,"") -> 5318
C58: 30/80# | D58: =G46 -> 2202 | E58: 84 | F58: 73 | G58: =IFERROR(D58+E58-F58,"") -> 2213
C59: 50/150# | D59: =G47 -> 5407 | E59: 123 | F59: 91 | G59: =IFERROR(D59+E59-F59,"") -> 5439
C60: -100# | D60: =G48 -> 2774 | E60: 94 | F60: 78 | G60: =IFERROR(D60+E60-F60,"") -> 2790
C61: 5mm | D61: =G49 -> 2990 | E61: 122 | F61: 112 | G61: =IFERROR(D61+E61-F61,"") -> 3000
C62: 1mm | D62: =G50 -> 3516 | E62: 98 | F62: 72 | G62: =IFERROR(D62+E62-F62,"") -> 3542
C63: 2mm | D63: =G51 -> 4503 | E63: 95 | F63: 73 | G63: =IFERROR(D63+E63-F63,"") -> 4525
C64: 3mm | D64: =G52 -> 1652 | E64: 60 | F64: 52 | G64: =IFERROR(D64+E64-F64,"") -> 1660
C65: Dust/150# | D65: =G53 -> 5590 | E65: 118 | F65: 88 | G65: =IFERROR(D65+E65-F65,"") -> 5620
A66: Total — 05 Jun 2026 | D66: =IFERROR(SUM(D55:D65),"") -> 41524 | E66: =IFERROR(SUM(E55:E65),"") -> 1132 | F66: =IFERROR(SUM(F55:F65),"") -> 905 | G66: =IFERROR(SUM(G55:G65),"") -> 41751
A67: 46179 | B67: Sat | C67: 14/30# | D67: =G55 -> 4439 | E67: 70 | F67: 56 | G67: =IFERROR(D67+E67-F67,"") -> 4453
C68: 16/30# | D68: =G56 -> 3205 | E68: 55 | F68: 40 | G68: =IFERROR(D68+E68-F68,"") -> 3220
C69: 24/60# | D69: =G57 -> 5318 | E69: 80 | F69: 62 | G69: =IFERROR(D69+E69-F69,"") -> 5336
C70: 30/80# | D70: =G58 -> 2213 | E70: 46 | F70: 41 | G70: =IFERROR(D70+E70-F70,"") -> 2218
C71: 50/150# | D71: =G59 -> 5439 | E71: 42 | F71: 31 | G71: =IFERROR(D71+E71-F71,"") -> 5450
C72: -100# | D72: =G60 -> 2790 | E72: 47 | F72: 35 | G72: =IFERROR(D72+E72-F72,"") -> 2802
C73: 5mm | D73: =G61 -> 3000 | E73: 70 | F73: 62 | G73: =IFERROR(D73+E73-F73,"") -> 3008
C74: 1mm | D74: =G62 -> 3542 | E74: 29 | F74: 19 | G74: =IFERROR(D74+E74-F74,"") -> 3552
C75: 2mm | D75: =G63 -> 4525 | E75: 76 | F75: 60 | G75: =IFERROR(D75+E75-F75,"") -> 4541
C76: 3mm | D76: =G64 -> 1660 | E76: 33 | F76: 27 | G76: =IFERROR(D76+E76-F76,"") -> 1666
C77: Dust/150# | D77: =G65 -> 5620 | E77: 39 | F77: 25 | G77: =IFERROR(D77+E77-F77,"") -> 5634
A78: Total — 06 Jun 2026 | D78: =IFERROR(SUM(D67:D77),"") -> 41751 | E78: =IFERROR(SUM(E67:E77),"") -> 587 | F78: =IFERROR(SUM(F67:F77),"") -> 458 | G78: =IFERROR(SUM(G67:G77),"") -> 41880
A79: 46180 | B79: Sun | C79: 14/30# | D79: =G67 -> 4453 | E79: 55 | F79: 40 | G79: =IFERROR(D79+E79-F79,"") -> 4468
C80: 16/30# | D80: =G68 -> 3220 | E80: 52 | F80: 45 | G80: =IFERROR(D80+E80-F80,"") -> 3227
C81: 24/60# | D81: =G69 -> 5336 | E81: 38 | F81: 24 | G81: =IFERROR(D81+E81-F81,"") -> 5350
C82: 30/80# | D82: =G70 -> 2218 | E82: 52 | F82: 44 | G82: =IFERROR(D82+E82-F82,"") -> 2226
C83: 50/150# | D83: =G71 -> 5450 | E83: 63 | F83: 46 | G83: =IFERROR(D83+E83-F83,"") -> 5467
C84: -100# | D84: =G72 -> 2802 | E84: 24 | F84: 20 | G84: =IFERROR(D84+E84-F84,"") -> 2806
C85: 5mm | D85: =G73 -> 3008 | E85: 38 | F85: 32 | G85: =IFERROR(D85+E85-F85,"") -> 3014
C86: 1mm | D86: =G74 -> 3552 | E86: 51 | F86: 38 | G86: =IFERROR(D86+E86-F86,"") -> 3565
C87: 2mm | D87: =G75 -> 4541 | E87: 75 | F87: 56 | G87: =IFERROR(D87+E87-F87,"") -> 4560
C88: 3mm | D88: =G76 -> 1666 | E88: 29 | F88: 22 | G88: =IFERROR(D88+E88-F88,"") -> 1673
C89: Dust/150# | D89: =G77 -> 5634 | E89: 39 | F89: 25 | G89: =IFERROR(D89+E89-F89,"") -> 5648
A90: Total — 07 Jun 2026 | D90: =IFERROR(SUM(D79:D89),"") -> 41880 | E90: =IFERROR(SUM(E79:E89),"") -> 516 | F90: =IFERROR(SUM(F79:F89),"") -> 392 | G90: =IFERROR(SUM(G79:G89),"") -> 42004
A91: 46181 | B91: Mon | C91: 14/30# | D91: =G79 -> 4468 | E91: 137 | F91: 95 | G91: =IFERROR(D91+E91-F91,"") -> 4510
C92: 16/30# | D92: =G80 -> 3227 | E92: 109 | F92: 85 | G92: =IFERROR(D92+E92-F92,"") -> 3251
C93: 24/60# | D93: =G81 -> 5350 | E93: 152 | F93: 97 | G93: =IFERROR(D93+E93-F93,"") -> 5405
C94: 30/80# | D94: =G82 -> 2226 | E94: 67 | F94: 52 | G94: =IFERROR(D94+E94-F94,"") -> 2241
C95: 50/150# | D95: =G83 -> 5467 | E95: 109 | F95: 81 | G95: =IFERROR(D95+E95-F95,"") -> 5495
C96: -100# | D96: =G84 -> 2806 | E96: 61 | F96: 52 | G96: =IFERROR(D96+E96-F96,"") -> 2815
C97: 5mm | D97: =G85 -> 3014 | E97: 131 | F97: 96 | G97: =IFERROR(D97+E97-F97,"") -> 3049
C98: 1mm | D98: =G86 -> 3565 | E98: 116 | F98: 97 | G98: =IFERROR(D98+E98-F98,"") -> 3584
C99: 2mm | D99: =G87 -> 4560 | E99: 125 | F99: 101 | G99: =IFERROR(D99+E99-F99,"") -> 4584
C100: 3mm | D100: =G88 -> 1673 | E100: 77 | F100: 62 | G100: =IFERROR(D100+E100-F100,"") -> 1688
C101: Dust/150# | D101: =G89 -> 5648 | E101: 165 | F101: 118 | G101: =IFERROR(D101+E101-F101,"") -> 5695
A102: Total — 08 Jun 2026 | D102: =IFERROR(SUM(D91:D101),"") -> 42004 | E102: =IFERROR(SUM(E91:E101),"") -> 1249 | F102: =IFERROR(SUM(F91:F101),"") -> 936 | G102: =IFERROR(SUM(G91:G101),"") -> 42317
A103: 46182 | B103: Tue | C103: 14/30# | D103: =G91 -> 4510 | E103: 97 | F103: 70 | G103: =IFERROR(D103+E103-F103,"") -> 4537
...
